328.4179,1636,1.54801034,4.765252037901183
329.4321,1637,1.54556787,4.842524654682364
330.4465,1638,1.53423523,5.188854262634306
331.4609,1639,1.51792979,5.665509663183696
332.4753,1640,1.4946134,6.341243720205437
333.4897,1641,1.46298575,7.284664553603823
334.5041,1642,1.42362976,8.517186487507916
335.5185,1643,1.38023555,10.086090061043652
336.5322,1644,1.33766806,11.88531514947822
337.5467,1645,1.30013024,13.737802545543367
338.5611,1646,1.26900231,15.488450273278263
339.5751,1647,1.24327993,17.063506399032853
340.5904,1648,1.22140324,18.50088023298381
341.6049,1649,1.20197618,19.768944049381723
342.614,1650,1.18389463,20.880374978309526
343.6256,1651,1.16509294,21.923441607316413
344.637,1652,1.14436447,22.860604890523124
345.6484,1653,1.12914526,23.700851069597242
346.6598,1654,1.12192058,24.575018041720572
347.6712,1655,1.11798977,25.356957230524284
348.6821,1656,1.11529111,26.133775226409067
349.6931,1657,1.1131798,26.868307427188835
350.7037,1658,1.11141574,27.56089539486853
351.7143,1659,1.1098777,28.218086076456306
352.7251,1700,1.10849666,28.846597743789896
353.7366,1701,1.10722684,29.453567561867814
354.7478,1702,1.1060481,30.039617573821577
355.7591,1703,1.10493767,30.60979115231584
356.7699,1704,1.10390138,31.156289905664746
357.7813,1705,1.10291063,31.690605490859767
358.7926,1706,1.10195267,32.217264672543784
359.804,1707,1.10105001,32.72175499521807
360.8151,1708,1.10017156,33.21972092666085
361.8265,1709,1.09933114,33.7020459813552
362.8379,1710,1.09851622,34.17479376501664
363.8494,1711,1.09772849,34.63610425495298
364.8606,1712,1.09696567,35.086550760902185
365.872,1713,1.09622049,35.529825025282236
366.8836,1714,1.09550213,35.959929711389286
367.895,1715,1.09479045,36.388506863156444
368.9065,1716,1.09409761,36.807905572361605
369.9178,1717,1.09342229,37.21858400149234
370.9292,1718,1.0927509,37.62856104863039
371.9406,1719,1.09208619,38.03597459577666
372.9513,1720,1.09145009,38.427140992584775
373.962,1721,1.09081053,38.82159207380039
374.9734,1722,1.09018075,39.21104151756083
375.9847,1723,1.08955669,39.59786677092895
376.9956,1724,1.08893692,39.98284410552504
378.0068,1725,1.08831918,40.36728243303095
379.018,1726,1.0877068,40.74901971891221
380.0301,1727,1.087098,41.12908013751099
381.0415,1728,1.08649408,41.506574080657025
382.0529,1729,1.08589184,41.88343157067985
383.064,1730,1.08529114,42.25967810027064
384.075,1731,1.0846976,42.631731395199985
385.0861,1732,1.08409285,43.011056293758166
386.0975,1733,1.08350217,43.381745353715814
387.1088,1734,1.08289456,43.763205959933515
388.1197,1735,1.08227932,44.149560649344565
389.1308,1736,1.0816996,44.51366377542855
390.1423,1737,1.08112967,44.871632645788395
391.1537,1738,1.08057916,45.217386067388816
392.1652,1739,1.08003568,45.55867867164491
393.1766,1740,1.07950508,45.89181408057503
394.1873,1741,1.07898163,46.22037091798937
395.198,1742,1.0784651,46.54447639276556
396.2086,1743,1.07795405,46.86501890711311
397.2197,1744,1.07744574,47.18370242794613
398.2303,1745,1.07694005,47.50058800910108
399.2413,1746,1.0764383,47.8148363102882
400.2528,1747,1.07593965,48.126962904184865
401.2642,1748,1.07544326,48.43748345925656
402.2757,1749,1.07494556,48.748619549237226
403.2871,1750,1.07445156,49.05722935685729
404.2985,1751,1.07395207,49.36904216632646
405.3097,1752,1.07345271,49.68053596578229
406.3211,1753,1.07295739,49.98926557414512
407.3317,1754,1.07245588,50.3015971339962
408.3429,1755,1.07195997,50.61017986604513
409.3543,1756,1.07146072,50.92057145342535
410.3656,1757,1.07096636,51.227650160389274
411.3766,1758,1.07047438,51.53297558959946
412.3879,1759,1.06998813,51.834470744946834
413.3989,1800,1.0695101,52.13059947659397
414.4097,1802,1.0690273,52.42940831979417
415.4204,1803,1.0685563,52.72064519476643
416.4309,1804,1.06809067,53.00829844445339
417.4424,1805,1.06762313,53.29686671161485
418.4534,1806,1.06716096,53.58185846758307
419.4646,1807,1.06670391,53.86343597703197
420.4758,1808,1.06624889,54.143508550057966
421.487,1809,1.06579875,54.42032771304422
422.4984,1810,1.06535458,54.69323243082733
423.5097,1811,1.06491243,54.964656769370634
424.5211,1812,1.06447529,55.232771770955075
425.5325,1813,1.06403934,55.49992643323214
426.5439,1814,1.06360709,55.764587756179864
427.5553,1815,1.0631709,56.03143494624714
428.5668,1816,1.0627458,56.29128030608341
429.5774,1817,1.06232428,56.54872731128696
430.588,1818,1.06189393,56.81135349894951
431.5987,1819,1.06147253,57.06831056737096
432.6102,1820,1.06105542,57.322451877526674
433.6216,1821,1.06063759,57.5768347557183
434.6325,1822,1.06021869,57.83167334083758
435.6437,1823,1.05980288,58.084440681310916
436.6551,1824,1.05938792,58.336503597778744
437.6661,1825,1.05898106,58.58346657594722
438.6775,1826,1.0585699,58.832861337271815
439.6885,1827,1.05816793,59.07651087053367
440.6998,1828,1.05776453,59.320859672396914
441.7112,1829,1.05736207,59.564474228040574
442.7226,1830,1.056957,59.80950475054428
443.7331,1831,1.0565592,60.04997984940526
444.7445,1832,1.05615842,60.29210060336765
445.7556,1833,1.05576193,60.53147799201569
446.7671,1834,1.05534648,60.78214279829208
447.7785,1835,1.0549407,61.026817810995674
448.7899,1836,1.05452823,61.2753716572853
449.8012,1837,1.05412161,61.52024940533
450.8124,1838,1.05371272,61.76634518307303
451.8236,1839,1.05330729,62.0102128875207
452.8348,1840,1.05290031,62.25486890568581
453.846,1841,1.05248939,62.50174880471582
454.8572,1842,1.05208563,62.744187007209554
455.8683,1843,1.05167973,62.987771776962376
456.8795,1844,1.05127871,63.22829303425549
457.8906,1845,1.05086719,63.47497365288841
458.9019,1846,1.05046546,63.715651722121
459.9131,1847,1.05006468,63.95562954972468
460.9242,1848,1.04965555,64.20047285713109
461.9355,1849,1.04925227,64.44168303245232
462.9468,1850,1.04884827,64.68319267799664
463.9587,1851,1.04845082,64.92065890242957
464.9693,1852,1.04803907,65.16653538495125
465.9808,1853,1.04763293,65.40892857873777
466.9923,1854,1.04723036,65.64906027554945
468.0038,1855,1.04683256,65.88621835132886
469.0151,1856,1.04642009,66.13198703151983
470.0259,1857,1.04602241,66.36881204879018
471.0373,1858,1.04561913,66.60883966233969
472.0483,1859,1.04521977,66.84640185356616
473.0597,1900,1.04481577,67.08658907356492
474.0712,1901,1.04441547,67.32444122743411
475.0827,1902,1.04401922,67.55975284747865
476.0936,1903,1.04362213,67.79542793365228
477.1051,1904,1.04322814,68.0291275900751
478.1164,1905,1.04282772,68.26650111963903
479.127,1906,1.04243624,68.4984364653124
480.1385,1907,1.04203617,68.7353175811144
481.1499,1908,1.04164123,68.96901691725378
482.1613,1909,1.04124486,69.20341608510113
483.1727,1910,1.04084753,69.43823353826993
484.1836,1911,1.04046094,69.66655793420408
485.195,1912,1.04005956,69.90346284667683
486.2064,1913,1.03966295,70.1373951747835
487.2169,1914,1.03925907,70.37545235877607
488.2282,1915,1.03884875,70.61713403279137
489.2388,1916,1.03844571,70.85435678226861
490.2502,1917,1.03804194,71.09183656977052
491.2616,1918,1.03763532,71.33081520912452
492.2725,1919,1.03722453,71.57206104073678
493.2837,1920,1.03681576,71.811934588945
494.2942,1921,1.03641211,72.04861885606373
495.3052,1922,1.03600144,72.28922823302935
496.3166,1923,1.03558218,72.53466879339827
497.3274,1924,1.03517127,72.77502080385402
498.3388,1925,1.03476846,73.01043997053266
499.35,1926,1.03434836,73.25575608046202
500.3613,1927,1.03393566,73.49654181200522
501.3727,1928,1.03351426,73.74218730378125
502.3841,1929,1.03310024,73.9833160292097
503.3949,1930,1.03268325,74.22595746668365
504.4063,1932,1.03226482,74.46921618057844
505.4177,1933,1.03183889,74.71660655336997
506.4283,1934,1.03141582,74.96210619258562
507.4396,1935,1.03099286,75.20731221456086
508.451,1936,1.03055417,75.46139391996626
509.4623,1937,1.03011977,75.71274593624071
510.4731,1938,1.02968716,75.96281967240834
511.4846,1939,1.02925789,76.21072349277
512.496,1940,1.02882277,76.46176290990974
513.5073,1941,1.02838289,76.7153008660046
514.518,1942,1.02794539,76.96722110070932
515.5293,1943,1.02751123,77.21697707846555
516.5407,1944,1.02707302,77.46882121685174
517.5521,1945,1.02662956,77.72343767964837
518.563,1946,1.02619791,77.97103924103168
519.5739,1947,1.02575051,78.22743457018471
520.5848,1948,1.02531051,78.4793535265484
521.5962,1949,1.02486968,78.7315171397528
522.6071,1950,1.02443003,78.98277997611211
523.618,1951,1.02398371,79.23762861911352
524.6287,1952,1.02354836,79.48599855677743
525.64,1953,1.02309083,79.74679904445892
526.6514,1954,1.02265012,79.9978009410451
527.6626,1955,1.02220249,80.25253805210211
528.674,1956,1.02175509,80.50694290788887
529.6849,1957,1.02131092,80.75931819295928
530.6962,1958,1.02085971,81.01550335464528
531.7076,1959,1.02041351,81.26866209710134
532.7186,2000,1.0199666,81.52204914062241
533.73,2001,1.01951777,81.77635584753305
534.7412,2002,1.01906526,82.03258327920157
535.7526,2003,1.01862299,82.28285974350682
536.764,2004,1.01816201,82.54357043871924
537.7754,2005,1.01771199,82.79793824086582
538.7863,2006,1.01725673,83.05512947456798
539.7978,2007,1.01680254,83.31158396887547
540.8091,2008,1.01635062,83.56663169812742
541.8197,2009,1.01590704,83.81685682391551
542.8311,2010,1.01544857,84.07536616111226
543.8418,2011,1.01498889,84.33444496917038
544.8524,2012,1.01453948,84.58763049336656
545.8638,2013,1.01407814,84.8474326099989
546.875,2014,1.01362085,85.10485236326801
547.8865,2015,1.01316416,85.3618353639468
548.8979,2016,1.01270389,85.62073383586278
549.9087,2017,1.01225447,85.87343343238925
550.9201,2018,1.01179385,86.13233135288573
551.9315,2019,1.01133799,86.38845293307918
552.9429,2020,1.01087629,86.64775007009376
553.9539,2021,1.01041328,86.90767160737798
554.9653,2022,1.00995218,87.16640423691119
555.9767,2023,1.00948953,87.42588227130818
556.9881,2024,1.00903034,87.68328800351541
557.999,2025,1.00857043,87.94095576254523
559.0104,2026,1.00810813,88.19980819151363
560.0218,2027,1.00764572,88.45378276430601
561.0331,2028,1.00717628,88.71488757167948
562.0446,2029,1.0067172,88.97003707480884
563.0552,2030,1.00625407,89.22724480070279
564.0666,2031,1.00578689,89.48650637931338
565.0772,2032,1.00532543,89.74240169128471
566.0886,2033,1.00485718,90.0018679996567
567.0997,2034,1.00439047,90.26028693095546
568.1107,2035,1.00392067,90.52022188429781
569.1214,2036,1.00345897,90.77548536434983
570.1328,2037,1.00298714,91.03615578643837
571.1441,2038,1.00252377,91.29196246884511
572.1555,2039,1.00205922,91.54823240565365
573.1669,2040,1.00158202,91.81128529280444
574.1776,2041,1.00111782,92.06698268560693
575.1889,2042,1.00063896,92.33056038541743
576.1997,2043,1.00016772,92.58975129928164
577.2106,2044,0.999700486,92.84655099544835
578.2221,2045,0.999223768,93.1083712151457
579.2335,2046,0.998761951,93.36182332141576
580.2449,2047,0.998279094,93.62662930602549
581.2555,2048,0.997820019,93.87821043790565
582.2669,2049,0.997338652,94.1418177035391
583.278,2050,0.996863424,94.40187277555287
584.2893,2051,0.996386706,94.66255393590949
585.3009,2052,0.995912134,94.92187404929413
586.3116,2053,0.995438158,95.1806824287169
587.323,2054,0.994958281,95.44252427669105
588.3344,2055,0.994485855,95.70011579195054
589.3458,2056,0.994014739,95.95681120180194
590.3573,2057,0.993540406,96.21507672375051
591.368,2058,0.993057847,96.47763374415456
592.3794,2059,0.99257934,96.73780019226115
593.39,2100,0.992098927,96.99881744909338
594.4014,2101,0.991622447,97.2575149758577
595.4122,2103,0.991142988,97.51764681557394
596.4231,2104,0.990663647,97.77753177027093
597.4345,2105,0.990184247,98.03726656630562
598.4459,2106,0.989703059,98.29778763849978
599.4571,2107,0.989222586,98.55773995163936
600.4683,2108,0.988739728,98.81880049803847
601.4794,2109,0.988257408,99.0793886258864
602.4907,2110,0.987779736,99.33728741986859
603.5018,2111,0.987290203,99.60140690000159
604.5131,2112,0.98680377,99.86367092505536
605.5247,2113,0.986326158,100.1210023728946
606.5361,2114,0.985840916,100.38226623026875
607.5475,2115,0.985354781,100.64383117873915
608.5589,2116,0.984875321,100.901629167262
609.5698,2117,0.984393417,101.16056637365732
610.5811,2118,0.983906924,101.42179223395154
611.5925,2119,0.983418881,101.68367230942084
612.6039,2120,0.982936143,101.94253103181478
613.6151,2121,0.982448101,102.20405799773746
614.6259,2122,0.981962502,102.4641010011072
615.6371,2123,0.981472969,102.72607491350692
616.6486,2124,0.980992317,102.98312514100768
617.66,2125,0.980499684,103.24640764251129
618.6707,2126,0.980015993,103.50473943978564
619.6819,2127,0.97952795,103.76522381428143
620.6933,2128,0.97903335,104.0290325886695
621.7048,2129,0.978547036,104.28825047023398
622.7155,2130,0.978060007,104.5476799292298
623.7269,2131,0.977569043,104.80903447169239
624.7383,2132,0.977074563,105.07208787582363
625.7498,2133,0.976585626,105.33202271626968
626.7612,2134,0.976093947,105.59324574837949
627.7727,2135,0.975599348,105.8558493305902
628.7834,2136,0.975116491,106.11205402118179
629.7956,2137,0.9746176,106.37659632539737
630.8071,2138,0.974125564,106.63733512656322
631.8185,2139,0.973636388,106.89639312624105
632.8299,2140,0.973142981,107.15752559207938
633.8413,2141,0.972646951,107.41987874399472
634.8522,2142,0.972152233,107.68137139013777
635.8632,2143,0.971661448,107.940621495298
636.8738,2144,0.971167087,108.2015964642713
637.8851,2145,0.97067058,108.46353924847766
638.8961,2146,0.970174968,108.72484558974419
639.9073,2147,0.969682514,108.98432505348678
640.9187,2148,0.969184815,109.2464049476699
641.93,2149,0.968690752,109.506408594937
642.9414,2150,0.96819663,109.76628295826804
643.9521,2151,0.967698037,110.02834693753681
644.9633,2152,0.967209994,110.28470900963828
645.9741,2153,0.966708421,110.54801731221917
646.9854,2154,0.966210305,110.8093501042231
647.9969,2155,0.965714812,111.06914856202931
649.0083,2156,0.965215384,111.33085126093592
650.0193,2157,0.964720666,111.58992923036169
651.0305,2158,0.96421951,111.85222041509049
652.0412,2159,0.963723957,112.1114231742477
653.0526,2200,0.963225126,112.37218456269986
654.0633,2201,0.962733507,112.62902348674974
655.0748,2202,0.962228834,112.89252556375546
656.0862,2203,0.961726069,113.15487425100838
657.0967,2204,0.961230933,113.41308938212053
658.108,2205,0.960729718,113.6743211188821
659.1187,2206,0.960231184,113.93400288196538
660.1301,2207,0.959731996,114.19387343977371
661.1408,2208,0.959227561,114.45632182010492
662.1518,2209,0.958733975,114.71297676593034
663.1624,2210,0.958234846,114.97236484826861
664.1733,2211,0.957732141,115.2334604114809
665.184,2212,0.95723164,115.49326147402441
666.1949,2213,0.956730067,115.7534697153708
667.2064,2214,0.956234693,116.01031597569254
668.2177,2215,0.955723524,116.27520030542001
669.2291,2216,0.955223679,116.53406849302934
670.2404,2217,0.954721629,116.79393186137736
671.2519,2218,0.954221546,117.05263150109937
672.263,2219,0.953715085,117.31448311137245
673.2743,2220,0.953220367,117.57012068927057
674.2856,2221,0.952711343,117.83300417072894
675.297,2222,0.952211916,118.09078754737888
676.3084,2223,0.951706111,118.35171848013732
677.3194,2224,0.951205909,118.60961659587137
678.33,2225,0.950702607,118.86897075421156
679.3414,2226,0.950199067,119.1283053618551
680.3522,2227,0.94969505,119.3877438333993
681.3636,2228,0.949190199,119.64747000456761
682.3748,2229,0.948687672,119.9058604529512
683.3858,2230,0.948186457,120.16343766076731
684.397,2231,0.94767946,120.42384603298039
685.4084,2233,0.9471758,120.68240138668396
686.4196,2234,0.946674108,120.93980929947261
687.4311,2235,0.946166336,121.20019795678762
688.4425,2236,0.945662915,121.45821817425494
689.4538,2237,0.945158898,121.71640759199839
690.4652,2238,0.944652915,121.97546757272185
691.4766,2239,0.944146871,122.23442254972782
692.4876,2240,0.943643152,122.49205305661948
693.499,2241,0.943142056,122.7482092431531
694.5104,2242,0.94263345,123.00806965962721
695.5213,2243,0.94212681,123.26679114981857
696.5328,2244,0.941621661,123.52461823933554
697.544,2245,0.941114664,123.78325559273138
698.5554,2246,0.940605938,124.04264168266207
699.566,2247,0.940102517,124.29919203420188
700.5768,2248,0.939595222,124.55758552926272
701.588,2249,0.939090371,124.81460407661828
702.5994,2250,0.93858242,125.07307043434356
703.6105,2251,0.938078224,125.32949731326883
704.6219,2252,0.937569856,125.58791668045744
705.6327,2253,0.93706274,125.84557079717398
706.6434,2254,0.936560213,126.10076698087323
707.6542,2255,0.936053633,126.35789461859093
708.6656,2256,0.935545206,126.61583233510248
709.6762,2257,0.935042083,126.87095409166204
710.6873,2258,0.934541761,127.12453264651882
711.6982,2259,0.934030592,127.38348279043305
712.7089,2300,0.933522224,127.6408882302793
713.7197,2301,0.933021128,127.89448938332553
714.731,2302,0.932514905,128.15056261379107
715.7418,2303,0.932008922,128.40639177323172
716.7527,2304,0.931502461,128.66234033235085
717.7635,2305,0.930994689,128.9188291436562
718.7749,2306,0.930491626,129.17281909322108
719.7854,2307,0.929980754,129.43062976916468
720.7969,2308,0.929478168,129.68413954271728
721.8081,2309,0.928967714,129.9414973367319
722.8195,2310,0.92846167,130.1965121883754
723.8308,2311,0.92796123,130.44858642664013
724.8423,2312,0.927450954,130.70549628505776
725.8532,2313,0.926945388,130.95991696918244
726.8644,2314,0.926435828,131.2162294335055
727.8758,2315,0.925928771,131.47116562369698
728.8872,2316,0.925426363,131.72364954452513
729.898,2317,0.924921572,131.97721637604286
730.9094,2318,0.924411892,132.23312294035864
731.9202,2319,0.923905313,132.4873573979609
732.9315,2320,0.923400461,132.74061143853922
733.9423,2321,0.922894477,132.99431993375137
734.9537,2322,0.922389984,133.24716826637814
735.9651,2323,0.921882033,133.5016366597847
736.9765,2324,0.92138189,133.75208309358737
737.9879,2325,0.920870304,134.00814676691422
738.9986,2326,0.920364379,134.2612651882391
740.01,2327,0.919859945,134.51352747076328
741.0207,2328,0.919355988,134.76544180844502
742.0322,2329,0.918846607,135.01995679784454
743.0434,2330,0.918342351,135.27180193345004
744.0542,2331,0.917838513,135.5233303220713
745.0649,2332,0.91733241,135.7758812398518
746.0762,2333,0.916829466,136.02674878256718
747.0869,2334,0.916321456,136.28003540368348
748.0982,2335,0.915816128,136.53187774509618
749.1095,2336,0.915312349,136.78284224561048
750.1209,2337,0.91480714,137.03441340963317
751.1325,2338,0.914303958,137.28487042672967
752.1438,2339,0.913800477,137.5353720229727
753.1547,2340,0.913290381,137.78905893566414
754.166,2341,0.912786245,138.03967744381563
755.1774,2342,0.912281334,138.2905777149762
756.188,2343,0.911777138,138.54101974063863
757.1994,2344,0.911270558,138.7925427519364
758.2107,2345,0.910768389,139.0417739819133
759.2213,2346,0.910268485,139.28978093751482
760.2328,2347,0.909758627,139.5426236679264
761.2437,2348,0.909255027,139.7922618063259
762.2553,2349,0.908750712,140.04215399359487
763.2663,2350,0.908245265,140.29250670919137
764.2772,2351,0.907743871,140.5407530386028
765.2885,2352,0.90724647,140.78692544637778
766.2998,2353,0.906735599,141.0396642833826
767.3113,2354,0.906234562,141.28743988592652
768.3218,2355,0.905732095,141.53582544164527
769.3331,2356,0.905231237,141.78331910922313
770.3439,2357,0.904730021,142.03089360180738
771.3553,2358,0.904227435,142.27904867603613
772.3663,2359,0.903719007,142.52999071832795
773.3778,0000,0.903216481,142.77792370292477
774.3893,0001,0.902713716,143.0258794316872
775.3998,0002,0.902211964,143.27324102776186
776.4108,0004,0.901714324,143.51848250312415
777.4214,0005,0.901208102,143.76785868614107
778.4329,0006,0.900709152,144.01355953899463
779.4443,0007,0.900203287,144.26257171387263
780.4556,0008,0.899705111,144.50770695816487
781.4671,0009,0.899197041,144.75761701002838
782.4783,0010,0.898697078,145.0034473781189
783.4896,0011,0.898199558,145.24798628118856
784.5007,0012,0.897694766,145.49600782571238
785.5115,0013,0.897193968,145.74197609552124
786.5223,0014,0.896695137,145.98688861720916
787.5334,0015,0.896193444,146.2331163986574
788.544,0016,0.895692646,146.4788153379854
789.5547,0017,0.895197093,146.72185323252987
790.5655,0018,0.894693613,146.96868974843156
791.576,0019,0.894196271,147.2124292221852
792.5874,0020,0.893694818,147.4580953946671
793.5988,0021,0.89319688,147.70195239049232
794.6101,0022,0.892693758,147.94826029165745
795.6209,0023,0.892195641,148.19203125690882
796.6316,0024,0.891700565,148.43422884613125
797.6425,0025,0.89120835,148.6749429431786
798.654,0026,0.890700876,148.92303212271565
799.6653,0027,0.890205442,149.1651501878461
800.6762,0028,0.889704465,149.4098919191265
801.6876,0029,0.88920927,149.65172509337043
802.6985,0030,0.888711512,149.89472619288486
803.7099,0031,0.88821417,150.13744065628794
804.7214,0032,0.887720644,150.37821056471873
805.7328,0033,0.887221157,150.62180545367437
806.7438,0034,0.886723637,150.86435821548517
807.7548,0035,0.886226892,151.10645095751315
808.7662,0036,0.885734319,151.34642963607607
809.7773,0037,0.885246396,151.58406381260795
810.7886,0038,0.884744167,151.82858359196786
811.7997,0039,0.884250402,152.06890182227383
812.811,0040,0.883749604,152.3125616220488
813.8218,0041,0.883260548,152.55042956409218
814.8332,0042,0.88276714,152.79033553851414
815.8446,0043,0.882269501,153.0322189278507
816.8556,0044,0.881774663,153.272661676723
817.8664,0045,0.881281614,153.51215688932942
818.8772,0046,0.88078624,153.75270305698913
819.8881,0047,0.880294978,153.99117515901577
820.8995,0048,0.879805266,154.228818456363
821.9102,0049,0.879310965,154.46861158133248
822.9216,0050,0.878816008,154.70864560896356
823.9328,0051,0.878324091,154.94712894773193
824.9439,0052,0.877832531,155.18536337472324
825.9547,0053,0.877339005,155.4244746154867
826.9659,0054,0.876846015,155.66325038694714
827.9773,0055,0.876355588,155.90070989282455
828.988,0056,0.875865995,156.13769132179567
829.9993,0057,0.875374913,156.37531919149802
831.0107,0058,0.874889791,156.60999028449848
832.0221,0059,0.874395191,156.84917197116886
833.0335,0100,0.873908758,157.08433132002128
834.0449,0101,0.87342143,157.3198510988233
835.0556,0102,0.872925639,157.55938698014435
836.067,0103,0.872441709,157.79312064106907
837.0778,0104,0.871947944,158.03153173603562
838.0887,0105,0.871464133,158.26506553611478
839.1001,0106,0.870971441,158.5028140977467
840.1107,0107,0.870483994,158.7379603509956
841.1219,0108,0.870001018,158.970880022701
842.1333,0109,0.869512557,159.20637449099863
843.1446,0110,0.869024157,159.4417689949729
844.1553,0111,0.868536174,159.67689228032825
845.1663,0112,0.868051648,159.910280647246
846.177,0113,0.867562651,160.1457528881507
847.1883,0114,0.867079138,160.37851569149024
848.1997,0115,0.866597592,160.61026393200487
849.211,0116,0.866107761,160.84593035190863
850.2219,0117,0.865621149,161.07997931415542
851.2331,0118,0.865133583,161.31441862729918
852.2437,0119,0.864651262,161.54626869807905
853.2547,0120,0.864169955,161.77756486412156
854.2661,0121,0.863680422,162.01274619215437
855.2772,0122,0.863202452,162.24230654732952
856.2879,0123,0.86271882,162.47452020710037
857.2989,0124,0.862232923,162.70775469015706
858.3102,0125,0.861750721,162.93914964204242
859.3216,0126,0.861266076,163.17165096962285
860.3324,0127,0.860786437,163.40168584105496
861.3431,0128,0.86030662,163.63174167362322
862.3544,0129,0.859823048,163.86353291585849
863.3654,0130,0.859344363,164.09291760357002
864.3765,0131,0.858862578,164.3237236366693
865.3879,0132,0.85838294,164.55343736179893
866.3986,0133,0.857905209,164.7821747141844
867.4096,0135,0.857422947,165.01301787034149
868.4209,0136,0.856945276,165.2416006201428
869.4323,0137,0.856464982,165.47137569348533
870.4432,0138,0.855985522,165.70068907434086
871.4546,0139,0.855514764,165.9257797342641
872.4657,0140,0.85503149,166.15679239384076
873.477,0141,0.854552686,166.38560609108012
874.4885,0142,0.854077339,166.6127066387106
875.4999,0143,0.853598237,166.84153974042678
876.5106,0144,0.853124439,167.06777902159314
877.5214,0145,0.852648317,167.29506760494192
878.5322,0146,0.852174341,167.52127175999277
879.543,0147,0.851696014,167.74949191791725
880.5537,0148,0.851224601,167.97435395350405
881.5652,0149,0.850748121,168.20157326879593
882.5765,0150,0.850274801,168.4272264549633
883.5879,0151,0.849803507,168.65185527347958
884.5985,0152,0.849330008,168.87747643707323
885.6098,0153,0.848856091,169.1032381175097
886.6212,0154,0.848383128,169.32848698874213
887.6326,0155,0.847913622,169.5520319659766
888.6433,0156,0.847437083,169.77886713172273
889.6547,0157,0.846968114,170.00204163139836
890.6661,0158,0.846500098,170.22470609350822
891.6772,0159,0.846030354,170.44813604788797
892.688,0200,0.845563054,170.67034739481528
893.6994,0201,0.845089912,170.89527984509263
894.7108,0202,0.844619631,171.1187955912508
895.7217,0203,0.844153881,171.3401023885324
896.7328,0204,0.843684375,171.5631381911156
897.7438,0205,0.843213438,171.78679774439848
898.7552,0206,0.842747688,172.00793880981126
899.7665,0207,0.84227842,172.2306950169132
900.7772,0208,0.841813325,172.45141579178184
901.788,0209,0.84134531,172.67346763124638
902.7991,0210,0.840877592,172.89532389581476
903.8098,0211,0.840411961,173.11613607749604
904.8207,0212,0.839951515,173.33443643617065
905.8321,0213,0.839484155,173.55596102145876
906.843,0214,0.839017271,173.7772060614154
907.8542,0215,0.838554024,173.99667447991033
908.8656,0216,0.838093817,174.21465038864747
909.8763,0217,0.837625741,174.43630011583937
910.8871,0218,0.837160587,174.6565130475287
911.8985,0219,0.83670479,174.8722449451202
912.9099,0220,0.836238563,175.0928610819471
913.9213,0221,0.835775792,175.31178962964282
914.9327,0222,0.835313975,175.53021511221968
915.9439,0223,0.834855735,175.74689781443723
916.9549,0224,0.834392428,175.96592500260635
917.9664,0225,0.833929181,176.18487219089707
918.9778,0226,0.833471953,176.40092407677147
919.9891,0227,0.833011329,176.61853004534478
921.0005,0228,0.832549214,176.8367894607286
922.0116,0229,0.832093119,177.0521557030623
923.0229,0230,0.831635236,177.26831649205076
924.0343,0231,0.831175506,177.48529920690004
925.0457,0232,0.830719888,177.7002918135794
926.0571,0233,0.830260872,177.91683829205056
927.0685,0234,0.829803705,178.1324631711664
928.0796,0235,0.829345822,178.34837654449458
929.0908,0236,0.828889846,178.56334185094013
930.1021,0237,0.828432977,178.7786793997742
931.113,0238,0.827976703,178.99368791316016
932.1238,0239,0.827524304,179.20682259064
933.135,0240,0.827070355,179.42063974307953
934.1462,0241,0.826612055,179.63645786304744
935.1571,0242,0.826159656,179.8494495346904
936.1685,0243,0.825702607,180.06458252904687
937.1797,0244,0.825248241,180.2784050027097
938.1909,0245,0.824795961,180.4911987569312
939.2021,0246,0.824346959,180.70240390603112
940.2132,0247,0.823894917,180.9149925035601
941.2246,0248,0.82343918,181.12927164908825
942.2356,0249,0.822989344,181.34072992619863
943.2466,0250,0.822537243,181.55320666249165
944.2576,0251,0.822088837,181.76390112088455
945.269,0252,0.821635901,181.97667799280975
946.2802,0253,0.821186304,182.18784055873118
947.2916,0254,0.820739507,182.39764300487872
948.3028,0255,0.820287942,182.60963883909042
949.3142,0256,0.819838225,182.82072171203978
950.3253,0257,0.819389164,183.03145158879497
951.3364,0258,0.818945765,183.23948035859993
952.3473,0259,0.818496823,183.4500651677214
953.3587,0300,0.81804645,183.66127626056627
954.37,0301,0.817599892,183.87065387726847
955.3806,0302,0.817154824,184.0792890240361
956.3916,0303,0.816708803,184.28832708336714
957.4029,0304,0.816263794,184.49684721511798
958.4136,0306,0.815817773,184.70579790901806
959.4246,0307,0.815373718,184.91378427235267
960.436,0308,0.814924776,185.12401577682505
961.4473,0309,0.814480841,185.33185934915153
962.4587,0310,0.814038991,185.5386841483272
963.4702,0311,0.813597083,185.74549367005815
964.4816,0312,0.813150346,185.95452008990267
965.4931,0313,0.81270647,186.16216509419792
966.5045,0314,0.812265813,186.36826217484364
967.516,0315,0.811822891,186.57537644605088
968.5273,0316,0.811382114,186.78144582273322
969.5395,0317,0.810935974,186.98998002794087
970.5509,0318,0.810499429,187.19398809833567
971.5616,0319,0.810056686,187.40085105429216
972.5731,0320,0.809614837,187.60725463571964
973.5845,0321,0.809170961,187.814563273084
974.5959,0322,0.808733105,188.01901932789738
975.6073,0323,0.808292388,188.22477029461817
976.6186,0324,0.807850718,188.430924964574
977.6294,0325,0.807412505,188.63542535117182
978.6408,0326,0.806971848,188.84102549203942
979.6518,0327,0.806531667,189.04636279368097
980.6624,0328,0.806096911,189.24912952447988
981.6737,0329,0.805656671,189.45441362834077
982.6852,0330,0.805219054,189.65843449531002
983.6962,0331,0.804782032,189.86213811890198
984.7071,0332,0.804344356,190.06610675172485
985.7183,0333,0.80390948,190.26873110919632
986.7289,0334,0.803474068,190.47156593929148
987.7401,0335,0.803042471,190.67258486611112
988.7509,0336,0.802610337,190.87381537650452
989.7623,0337,0.802179336,191.07447996151996
990.7737,0338,0.801750957,191.2738859490436
991.7851,0339,0.801326632,191.47136771102703
992.7964,0340,0.800894796,191.67230724079892
993.8072,0341,0.800470411,191.8697425672983
994.818,0342,0.800044894,192.06766763218283
995.829,0343,0.799620866,192.26486341946773
996.8404,0344,0.799196481,192.4621886349381
997.852,0345,0.798775434,192.65792567700393
998.8635,0346,0.798349499,192.85589853188304
999.875,0347,0.797923088,193.05405589801967
1000.8859,0348,0.797505676,193.24799581102317
1001.897,0349,0.797081351,193.445111713263
1002.9085,0350,0.796663105,193.63936826248238
1003.9199,0351,0.796241402,193.83519490359987
1004.9307,0352,0.795819759,194.0309580803922
1005.9417,0353,0.795401275,194.22521944098008
1006.9528,0354,0.794982135,194.41975029831403
1007.9641,0355,0.794562995,194.6142461728153
1008.9756,0356,0.79414469,194.80831976357925
1009.9869,0357,0.793727278,195.0019444406396
1010.998,0358,0.793311834,195.19462196228432
1012.0089,0359,0.792892456,195.38908941900897
1013.0203,0400,0.792476475,195.5819473896075
1014.0314,0401,0.792062461,195.77385957652973
1015.0422,0402,0.791651546,195.96430193148532
1016.053,0403,0.791232287,196.15857723901595
1017.0644,0404,0.790818214,196.3504156732851
1018.075,0405,0.790406107,196.54130998058588
1019.0864,0406,0.789989829,196.7341027066208
1020.0975,0407,0.789577722,196.9249304427046
1021.1087,0408,0.789164066,197.11644223383826
1022.1196,0409,0.78875184,197.3072589265774
1023.1311,0410,0.788342893,197.4965252534427
1024.1426,0411,0.787927269,197.6888486407971
1025.1536,0412,0.787521302,197.8766712019751
1026.1649,0413,0.787114083,198.06504109122298
1027.1759,0414,0.786701798,198.25572188581896
1028.1872,0415,0.786296844,198.44298032651912
1029.1984,0416,0.785884797,198.63348643051776
1030.2093,0417,0.785476446,198.8222516609943
1031.2208,0418,0.7850703,199.00996599897985
1032.2316,0419,0.78466618,199.1967127223886
1033.2424,0420,0.784263074,199.38295988899725
1034.2536,0421,0.78385353,199.57214997470464
1035.2656,0422,0.783452153,199.7575364085484
1036.2767,0423,0.78304708,199.9445989957026
1037.2882,0424,0.782641828,200.13171319531867
1038.3003,0425,0.782239794,200.31731093512423
1039.3115,0426,0.781834185,200.50452819448398
1040.3223,0427,0.781436979,200.68783687793362
1041.3338,0428,0.781034529,200.87353542081075
1042.3452,0429,0.780631184,201.05961646504295
1043.3565,0430,0.780229926,201.24470446728824
1044.3677,0431,0.779830217,201.42904805098593
1045.3783,0432,0.779431402,201.61294962250682
1046.3897,0433,0.779034972,201.79572206670161
1047.4008,0434,0.778636336,201.97948211478487
1048.4119,0436,0.778238415,202.16288315129984
1049.4231,0437,0.777841269,202.34589773634866
1050.4339,0438,0.777446746,202.52767468896977
1051.4448,0439,0.777048885,202.71096051691353
1052.4563,0440,0.776653707,202.8929814537549
1053.4686,0441,0.77626115,203.0737666838133
1054.48,0442,0.775865972,203.25573036525995
1055.4915,0443,0.775472462,203.43689752833143
1056.5029,0444,0.775079071,203.61798155397332
1057.5143,0445,0.77468574,203.79900966656342
1058.5259,0446,0.77429521,203.97872069177646
1059.5373,0447,0.773904383,204.15854055675595
1060.5485,0448,0.773510873,204.3395667889498
1061.5595,0449,0.773121953,204.51845384184878
1062.5706,0450,0.772731304,204.69810854279876
1063.5819,0451,0.772342622,204.87683121606312
1064.593,0452,0.771953761,205.05560886259155
1065.6041,0453,0.771567344,205.23323584796194
1066.6151,0454,0.771179735,205.41138373227386
1067.6261,0455,0.770793557,205.58884703379147
1068.6372,0456,0.770403742,205.76795450148708
1069.6481,0457,0.770020544,205.9439951044388
1070.6596,0458,0.769638121,206.11965345651507
1071.6708,0459,0.769254088,206.29602501528174
1072.6882,0500,0.768863379,206.47543558498194
1073.7083,0501,0.768477261,206.6527112722681
1074.7197,0502,0.768093347,206.82894874860764
1075.7305,0503,0.767715156,207.0025334510147
1076.7414,0504,0.767327368,207.1804967039382
1077.7529,0505,0.766947567,207.35476875371089
1078.7643,0506,0.766567349,207.52920659318684
1079.7754,0507,0.766184926,207.7046303029208
1080.7865,0508,0.765807032,207.8779511598579
1081.7978,0509,0.765426456,208.05247670999648
1082.809,0510,0.765053927,208.2232873920149
1083.8204,0511,0.764671862,208.39844519146033
1084.8315,0512,0.764296889,208.5703267932628
1085.843,0513,0.763919293,208.74338587986526
1086.8537,0514,0.763544976,208.9149175599389
1087.8649,0515,0.763166129,209.08850024135086
1088.8763,0516,0.76278913,209.2612113825075
1089.8877,0517,0.762413978,209.43305184289045
1090.8986,0518,0.76204127,209.60374861970305
1091.9097,0519,0.761668264,209.77455776854643
1092.9209,0520,0.761293411,209.94618844512007
1093.9321,0521,0.760926008,210.11438448924773
1094.9434,0522,0.760548949,210.28697680198562
1095.9546,0523,0.76017934,210.4561352277657
1096.9661,0524,0.759807109,210.62646990564525
1097.9777,0525,0.759438395,210.79517172049154
1098.9892,0526,0.759069263,210.9640414268847
1100.0006,0527,0.75869739,211.13414148025547
1101.0121,0528,0.758330583,211.30190110160234
1102.0236,0529,0.757962942,211.47001909752487
1103.0349,0530,0.757598817,211.63650654808404
1104.0463,0531,0.757226645,211.80664996650896
1105.0573,0532,0.756861448,211.97358177728628
1106.0684,0533,0.756496787,212.14024598884953
1107.0797,0534,0.756130635,212.30756896306283
1108.0908,0535,0.755765616,212.47435159249693
1109.102,0536,0.755398988,212.6418467267862
1110.113,0537,0.755036771,212.80730440180687
1111.1245,0538,0.754675447,212.97233213025393
1112.1356,0539,0.75431317,213.13777306314944
1113.147,0540,0.753949165,213.30398090621605
1114.1583,0541,0.753587961,213.46888780849372
1115.1694,0542,0.753226876,213.63371852888346
1116.18,0543,0.752865433,213.79869082149276
1117.1911,0544,0.752506732,213.96239000961498
1118.2025,0545,0.75214672,214.1266659074239
1119.2139,0546,0.75178796,214.2903490260615
1120.2254,0547,0.751430034,214.4536302941683
1121.236,0548,0.751075804,214.6152045371155
1122.2469,0549,0.750716269,214.7791772504106
1123.2579,0550,0.750363469,214.94005752090763
1124.2691,0551,0.750004827,215.10358069331926
1125.2804,0552,0.749648392,215.26607652665027
1126.2919,0553,0.749296545,215.4264601699926
1127.3035,0554,0.748942375,215.5878821158127
1128.3149,0555,0.748584926,215.75077762376142
1129.3264,0556,0.748232901,215.9111808070004
1130.3371,0557,0.747882187,216.0709664036102
1131.3485,0558,0.747531652,216.2306503102814
1132.3597,0559,0.747178494,216.39150877657943
1133.371,0600,0.746831953,216.5493334837664
1134.3824,0601,0.746480107,216.70955419272747
1135.3938,0602,0.746129393,216.8692393462094
1136.4051,0604,0.745780169,217.02822619362348
1137.4163,0605,0.745431065,217.18713860227078
1138.4273,0606,0.745084941,217.34467498760677
1139.4389,0607,0.744737446,217.50281584538166
1140.4497,0608,0.744392156,217.65993387673979
1141.4604,0609,0.744046866,217.81703263868204
1142.4715,0610,0.743701517,217.9741389957835
1143.4828,0611,0.743358254,218.1302773381707
1144.4939,0612,0.74301052,218.28843004279543
1145.5047,0613,0.742668747,218.44385268683564
1146.5161,0614,0.742328166,218.5987146093346
1147.5275,0615,0.741985499,218.75450626575946
1148.5386,0616,0.741639971,218.91157962292834
1149.5497,0617,0.741298556,219.06676450271107
1150.5606,0618,0.740961432,219.21998071022728
1151.5713,0619,0.740615725,219.37707889839336
1152.5828,0620,0.740276455,219.53123344083858
1153.5942,0621,0.739940524,219.68385279831028
1154.605,0622,0.739598751,219.83910788212663
1155.6164,0623,0.73926419,219.9910688668649
1156.6279,0624,0.738923251,220.14590855893596
1157.6394,0625,0.73858869,220.2978337601512
1158.6511,0626,0.738251864,220.4507696366194
1159.6626,0627,0.737913846,220.6042287401914
1160.6732,0628,0.737577915,220.7567225097504
1161.6847,0629,0.737246215,220.90727821314985
1162.6961,0630,0.736910343,221.0597099252617
1163.708,0631,0.736576616,221.21115060994944
1164.7195,0632,0.736244082,221.36203255648874
1165.7309,0633,0.735910058,221.5135731319081
1166.7419,0634,0.735578119,221.66415049270321
1167.7532,0635,0.735247671,221.81403439526525
1168.7645,0636,0.734915435,221.96471212016334
1169.7758,0637,0.734585523,222.1143188307603
1170.7873,0638,0.734256923,222.263313745244
1171.7984,0639,0.73393017,222.41145454516413
1172.8093,0640,0.733599483,222.56136203773536
1173.8199,0641,0.733270704,222.7103877853323
1174.8307,0642,0.732946097,222.85750606837996
1175.8413,0643,0.732614219,223.00790286441605
1176.8522,0644,0.732286632,223.1563384283927
1177.8632,0645,0.731964111,223.30246232360474
1178.875,0646,0.731638133,223.45013618857448
1179.8859,0647,0.731314003,223.5969566627873
1180.8974,0648,0.730993747,223.74200648002315
1181.9088,0649,0.730664491,223.89111614767424
1182.9201,0650,0.730343222,224.03659273283816
1183.9312,0651,0.730020225,224.18283585508564
1184.9427,0652,0.729696214,224.32952205341118
1185.9542,0653,0.729378819,224.47319750770453
1186.9656,0654,0.729055225,224.61966324444367
1187.9769,0655,0.728737354,224.76352308903512
1188.988,0656,0.728414833,224.909471679463
1189.9992,0657,0.728098273,225.05270739430614
1191.0105,0658,0.727782249,225.19568540423242
1192.0214,0659,0.727459192,225.34182968182316
1193.0327,0700,0.727144181,225.48431889211605
1194.0437,0701,0.726826548,225.62797891199392
1195.0546,0702,0.726507961,225.7720550942183
1196.0655,0703,0.726198077,225.91218077702993
1197.0769,0704,0.725880384,226.0558225626357
1198.0882,0705,0.72556287,226.19936822919928
1199.0997,0706,0.725247561,226.34190202591327
1200.1112,0707,0.724937617,226.48199604499464
1201.1227,0708,0.724620282,226.6254158449813
1202.1342,0709,0.724307894,226.76658510209646
1203.1457,0710,0.723995745,226.90763176155141
1204.1568,0711,0.72368288,227.04898733016827
1205.1678,0712,0.723375856,227.1876896626588
1206.1792,0713,0.723062336,227.32931214029855
1207.1907,0714,0.722751677,227.46962780639618
1208.2016,0715,0.72244054,227.61014497320815
1209.2131,0716,0.722133517,227.74879004746936
1210.2247,0717,0.721825242,227.88798641418012
1211.2354,0718,0.721518099,228.02665762617434
1212.247,0719,0.721210598,228.16547646868534
1213.2585,0720,0.720904409,228.3036891145663
1214.2697,0721,0.720597028,228.4424258846707
1215.2813,0722,0.720291793,228.58018024923635
1216.2928,0723,0.719985485,228.71840505045057
1217.3043,0724,0.719682395,228.85516408808456
1218.3156,0725,0.719378829,228.9921243534007
1219.3271,0726,0.719074547,229.12939406280222
1220.3387,0727,0.718772768,229.26552117415577
1221.3497,0728,0.718469679,229.4022257581909
1222.3609,0729,0.718169212,229.53773443625943
1223.3721,0730,0.717872858,229.67137523522433
1224.3829,0731,0.717565476,229.80997554457718
1225.3945,0732,0.71726495,229.94547110496333
1226.4055,0734,0.716965138,230.08063162309242
1227.417,0735,0.716666996,230.21502628781053
1228.4282,0736,0.71636939,230.34916643484755
1229.4393,0737,0.716072499,230.4829714786204
1230.4505,0738,0.715774536,230.6172467883835
1231.4618,0739,0.715482056,230.7490386888705
1232.4731,0740,0.715179562,230.88532987078867
1233.4841,0741,0.714886009,231.0175799461575
1234.495,0742,0.714589834,231.15099864345981
1235.5062,0743,0.714297592,231.28263321222278
1236.5177,0744,0.714004874,231.414469831567
1237.5283,0745,0.713711559,231.5465629435788
1238.5398,0746,0.713416874,231.67926055380073
1239.5513,0747,0.713123023,231.81157017309977
1240.5678,0748,0.712828934,231.94397453222953
1241.5873,0749,0.712536633,232.0755615992289
1242.5988,0750,0.712245821,232.20646619603997
1243.6096,0751,0.711955547,232.3371165404545
1244.6211,0752,0.711665809,232.46751361222363
1245.6325,0753,0.711376726,232.59760394173244
1246.6437,0754,0.711088538,232.7272796349067
1247.6545,0755,0.71080029,232.85697047612464
1248.6661,0756,0.710513114,232.9861672214213
1249.6772,0757,0.710224926,233.11580745116842
1250.6881,0758,0.709937572,233.24506075078506
1251.6989,0759,0.70965135,233.3737932108111
1252.7103,0800,0.709366381,233.5019505670295
1253.7213,0801,0.709081113,233.63023086061162
1254.7324,0802,0.708799302,233.75694528279786
1255.7438,0803,0.708511054,233.88654243555436
1256.7553,0804,0.70822972,234.0130197100208
1257.7666,0805,0.707945525,234.14077183769555
1258.7781,0806,0.707662403,234.26803030025008
1259.7897,0807,0.7073794,234.39522398712617
1260.8007,0808,0.707099437,234.52104027506678
1261.812,0809,0.706815659,234.64855978859677
1262.8231,0810,0.706536471,234.7740056833168
1263.8343,0811,0.706256687,234.89970840133404
1264.846,0812,0.705980181,235.02392758094453
1265.8575,0813,0.70569992,235.14982275120536
1266.869,0814,0.705422222,235.2745557640471
1267.8805,0815,0.705143332,235.39981333571163
1268.8918,0816,0.70486325,235.5255953375658
1269.9036,0817,0.704587578,235.6493861659409
1270.9153,0818,0.704312264,235.77300566283608
1271.9263,0819,0.704035937,235.8970693972912
1272.9381,0820,0.703758239,236.02173797489644
1273.9497,0821,0.703483819,236.14492441316904
1274.9607,0822,0.703210413,236.2676452721928
1275.9723,0823,0.702933132,236.39209487204712
1276.9835,0824,0.702658295,236.51543703960445
1277.9951,0825,0.702387094,236.63713718224005
1279.0063,0826,0.702117979,236.75789118741417
1280.0179,0827,0.701842308,236.88157654577373
1281.0293,0828,0.701571583,237.00303257186636
1282.0405,0829,0.701297461,237.12600230398124
1283.0513,0830,0.701026916,237.24735726102253
1284.0629,0831,0.7007609,237.366670878319
1285.0745,0832,0.700487315,237.48936919639425
1286.0863,0833,0.700219511,237.6094648725689
1287.0975,0834,0.699951052,237.72984440080197
1288.1086,0835,0.69968158,237.85066822869737
1289.1203,0836,0.69941318,237.97100151214562
1290.1317,0837,0.699145436,238.09103086329478
1291.143,0838,0.698878049,238.2108903883298
1292.1544,0839,0.698614239,238.32913690622556
1293.166,0840,0.698345303,238.44967125278842
1294.1776,0841,0.698079288,238.56888673420386
1295.1891,0842,0.697817504,238.6861966669224
1296.2001,0843,0.697552978,238.80472586172226
1297.2114,0844,0.697290062,238.9225242158776
1298.2229,0845,0.697025656,239.0409806858053
1299.2344,0846,0.696762919,239.15868002680287
1300.2459,0847,0.696501314,239.2758629592816
1301.2574,0848,0.696238696,239.39349032594447
1302.2688,0849,0.69597733,239.5105476477702
1303.28,0850,0.695718646,239.62639469089774
1304.2912,0851,0.695457696,239.74324735956807
1305.3027,0852,0.695196092,239.86038365886694
1306.3141,0853,0.694938004,239.97593658064991
1307.3258,0854,0.69467771,240.0924680948502
1308.3368,0855,0.694419384,240.20810953103486
1309.348,0856,0.694160044,240.32419586029067
1310.3595,0857,0.69390124,240.44003325128614
1311.3703,0858,0.693649828,240.55255346289744
1312.3819,0859,0.693392217,240.6678392580514
1313.3934,0900,0.693135619,240.78266287163825
1314.405,0902,0.692880153,240.89697117133946
1315.4167,0903,0.692623376,241.01185727633134
1316.4282,0904,0.692371428,241.12457424049882
1317.4394,0905,0.692116677,241.23853659305507
1318.4511,0906,0.691859483,241.35358302861655
1319.4625,0907,0.691612064,241.46424864545858
1320.4739,0908,0.691356122,241.57871784734274
1321.4854,0909,0.691108107,241.68963340411437
1322.4969,0910,0.690853416,241.80352603913494
1323.5087,0911,0.690603911,241.91509123980867
1324.5202,0912,0.690352737,242.0273943766771
1325.5319,0913,0.690100491,242.14016839343824
1326.5436,0914,0.689852535,242.2510162171621
1327.5548,0915,0.689603149,242.36249510198726
1328.5658,0916,0.689358651,242.47178099379954
1329.5774,0917,0.689108014,242.58380269420564
1330.5891,0918,0.688860714,242.69432479338147
1331.6005,0919,0.688612163,242.80539784740284
1332.6116,0920,0.688364684,242.91598374653844
1333.6231,0921,0.688115894,243.02714732849472
1334.6344,0922,0.68787074,243.13667831017995
1335.6453,0923,0.687624037,243.24689337708065
1336.657,0924,0.687380492,243.35568975167598
1337.6685,0925,0.687134504,243.46556955269338
1338.68,0926,0.686889767,243.5748826649251
1339.6914,0927,0.686649739,243.68208484593129
1340.7032,0928,0.686405658,243.79108944975675
1341.7147,0929,0.686161518,243.90011259834932
1342.7263,0930,0.685923457,244.00641359900882
1343.7378,0931,0.685676991,244.11645986471677
1344.7494,0932,0.685436069,244.2240230829417
1345.7603,0933,0.685196757,244.33085999223943
1346.772,0934,0.684955716,244.43846123472056
1347.7836,0935,0.684715449,244.54570942671603
1348.7949,0936,0.684475839,244.6526568668153
1349.8065,0937,0.684241414,244.75728280655085
1350.8179,0938,0.684001266,244.86445556313473
1351.8294,0939,0.683765292,244.9697582579023
1352.841,0940,0.683525264,245.07686262279657
1353.8524,0941,0.683290839,245.18145962574096
1354.8639,0942,0.683053851,245.287192962321
1355.8754,0943,0.682813942,245.3942221089878
1356.8863,0944,0.682580888,245.49818594458912
1357.8977,0945,0.682342946,245.6043230392734
1358.9094,0946,0.682108461,245.70891093856258
1359.9209,0947,0.68187946,245.81104594525888
1360.9324,0948,0.681642293,245.916815876975
1361.9433,0949,0.681407511,246.0215150232501
1362.9548,0950,0.681175291,246.1250646822617
1363.9663,0951,0.680942833,246.22871351731487
1364.9778,0952,0.680712997,246.33118641766947
1365.9894,0953,0.680480003,246.43506039070724
1367.001,0954,0.68024832,246.53834297840223
1368.0127,0955,0.680018961,246.64058275988222
1369.0243,0956,0.679789185,246.74300166145804
1370.0352,0957,0.679558932,246.84562639274904
1371.0464,0958,0.679330706,246.94734098378322
1372.0573,0959,0.679103255,247.04870354747356
1373.0687,1000,0.67887181,247.15183923184773
1374.08,1001,0.678645908,247.2524982661559
1375.0912,1002,0.678424656,247.35107900617547
1376.1022,1003,0.678192496,247.45451318686875
1377.1138,1004,0.677965819,247.55549790014558
1378.125,1005,0.677739739,247.65621013159537
1379.1366,1006,0.677513659,247.75691585839792
1380.1482,1007,0.677288711,247.85711089272442
1381.1592,1008,0.677063047,247.9576183826661
1382.1707,1009,0.676839888,248.05700382252488
1383.1818,1010,0.676613986,248.15760444074857
1384.193,1011,0.676397085,248.2541905672286
1385.2045,1012,0.676170706,248.35499089450454
1386.216,1013,0.675949275,248.45358173625945
1387.2273,1014,0.675728321,248.5519540129275
1388.2389,1015,0.675505876,248.65098387161237
1389.2497,1016,0.67528373,248.74987438001435
1390.2607,1017,0.675061106,248.84897142439314
1391.2723,1018,0.674842178,248.94641716338245
1392.2832,1019,0.67462325,249.0438568598347
1393.2953,1020,0.674402356,249.14216545675242
1394.3067,1021,0.674183309,249.2396459826471
1395.3184,1022,0.67396456,249.3369878683329
1396.3297,1023,0.673748016,249.4333426183764
1397.3412,1024,0.673532009,249.52945255268216
1398.3521,1025,0.673315882,249.6256100172392
1399.3636,1026,0.673097729,249.72266293060005
1400.3753,1027,0.672879695,249.81965694141343
1401.3868,1028,0.672666013,249.91470915499718
1402.3986,1029,0.67245084,250.01041883433223
1403.4103,1031,0.672231614,250.10792534493692
1404.422,1032,0.672018527,250.20269561610553
1405.4331,1033,0.671806275,250.29708888243437
1406.4439,1034,0.671592295,250.39224493624408
1407.4548,1035,0.671378672,250.48723653548174
1408.4665,1036,0.671166479,250.5815866251162
1409.4779,1037,0.670954108,250.67601024441092
1410.4896,1038,0.670740842,250.77082614450947
1411.5013,1039,0.6705302,250.8644698859721
1412.5129,1040,0.670322477,250.95681054401908
1413.5244,1041,0.670108556,251.05190084170826
1414.5353,1042,0.669898211,251.1453960265716
1415.5468,1043,0.669690668,251.23764038375705
1416.5575,1044,0.669480562,251.3310184488307
1417.5688,1045,0.669271469,251.4239408723536
1418.5797,1046,0.669066965,251.51481867433284
1419.5912,1047,0.668855607,251.60873682867785
1420.6027,1048,0.668648123,251.70092817493259
1421.6145,1049,0.66844052,251.79316707141834
1422.626,1050,0.668235838,251.88410294394382
1423.6375,1051,0.668032288,251.97453076476916
1424.6492,1052,0.667826116,252.0661182088253
1425.6603,1053,0.667619526,252.15788608475626
1426.672,1054,0.667413234,252.2495163421609
1427.6833,1055,0.667206108,252.34151177292986
1428.6949,1056,0.667000472,252.43284019620145
1429.7063,1057,0.666799068,252.522284036212
1430.718,1058,0.66659522,252.61280818571987
1431.7296,1059,0.666393339,252.70245380779684
1432.7411,1100,0.666190564,252.7924913779833
1433.7526,1101,0.665989816,252.88162393874987
1434.7635,1102,0.665789663,252.97048740149054
1435.7751,1103,0.665585517,253.0611186130217
1436.7865,1104,0.665382921,253.15105665479382
1437.7981,1105,0.665183782,253.2394551448486
1438.8097,1106,0.664985716,253.3273725182401
1439.8212,1107,0.664786636,253.41573515601056
1440.8328,1108,0.664586663,253.5044892852394
1441.8443,1109,0.664389312,253.5920749074565
1442.8557,1110,0.664189279,253.6808459722873
1443.8669,1111,0.663990736,253.7689509805412
1444.8785,1112,0.663795411,253.85562329200033
1445.89,1113,0.663598358,253.94305767076096
1446.9014,1114,0.663400769,254.03072513623007
1447.9126,1115,0.663206279,254.11701298463993
1448.9242,1116,0.663006424,254.2056762937656
1449.9358,1117,0.662816643,254.2898659035217
1450.9473,1118,0.662621021,254.3766420924022
1451.958,1119,0.662425041,254.4635724343394
1452.9694,1120,0.662230312,254.54994326395473
1453.9809,1121,0.662035405,254.63638844616602
1454.9923,1122,0.661841809,254.72224762227555
1456.0039,1123,0.661651015,254.80685968567192
1457.0151,1124,0.661457002,254.8928947778451
1458.0268,1125,0.661262869,254.9789785327542
1459.0375,1126,0.661069869,255.06455537506665
1460.0491,1127,0.660879492,255.14896476743692
1461.0603,1128,0.660686731,255.23442672553514
1462.0718,1129,0.660498023,255.31808741985603
1463.0835,1130,0.660305857,255.40327675616993
1464.095,1131,0.660118281,255.4864270074092
1465.1066,1132,0.659929156,255.5702596272881
1466.1181,1133,0.659740984,255.65366554738696
1467.1295,1134,0.659550487,255.73809767399206
1468.1414,1135,0.659363865,255.82080809674667
1469.1529,1136,0.659172117,255.90578599713814
1470.1638,1137,0.658986151,255.98819724808914
1471.1753,1138,0.658800303,256.0705520657761
1472.1869,1139,0.658614039,256.15308707406894
1473.1985,1140,0.658427596,256.23569723898476
1474.2099,1141,0.65824145,256.31817165827374
1475.2208,1142,0.658057391,256.3997173308058
1476.2323,1143,0.657872498,256.4816284231338
1477.243,1144,0.657686412,256.5640639142159
1478.254,1145,0.657501459,256.645993394039
1479.2646,1146,0.657318711,256.72694210650434
1480.2756,1147,0.657132625,256.8093653031518
1481.287,1148,0.656952023,256.8893555221824
1482.2986,1149,0.656765341,256.97203454393366
1483.3102,1150,0.65658456,257.05209613628216
1484.3218,1151,0.656401932,257.1329717528815
1485.333,1152,0.656221628,257.21281431128085
1486.3438,1153,0.656038701,257.29381444394033
1487.3554,1154,0.655858695,257.3735172777618
1488.3666,1155,0.655677616,257.45369133303143
1489.3783,1156,0.6554991,257.5327267939532
1490.3898,1157,0.655317425,257.6131569790278
1491.4013,1158,0.65513724,257.6929236565527
1492.4128,1200,0.654957354,257.7725541337496
1493.4243,1201,0.654781043,257.8505983426043
1494.4358,1202,0.654600679,257.930432810544
1495.4474,1203,0.654423356,258.0089174924334
1496.4588,1204,0.65424776,258.0866341282978
1497.4702,1205,0.654070675,258.1650060897967
1498.482,1206,0.653891324,258.2443771355738
1499.4935,1207,0.653716146,258.3218977745893
1500.505,1208,0.653538525,258.4004958083983
1501.5166,1209,0.653363943,258.47774544965574
1502.5273,1210,0.653189778,258.5548069990466
1503.5388,1211,0.653012573,258.6332099715818
1504.5503,1212,0.652840137,258.7094993912588
1505.5617,1213,0.652668356,258.78549554898854
1506.573,1214,0.652493536,258.8628326048097
1507.5846,1215,0.652319431,258.9398497911044
1508.5961,1216,0.652147293,259.01599335641737
1509.6077,1217,0.651973307,259.09295083435325
1510.6186,1218,0.651801288,259.1690347798392
1511.6302,1219,0.651627898,259.24572160920894
1512.6425,1220,0.651455819,259.32182512912186
1513.6537,1221,0.651286005,259.3969235340493
1514.6653,1222,0.651114225,259.47288794882564
1515.6764,1223,0.650942564,259.5487962928212
1516.6874,1224,0.650770664,259.6248068715782
1517.6988,1225,0.65060234,259.6992328736312
1518.7103,1226,0.650429546,259.7756318868264
1519.7218,1227,0.650259375,259.8508677640274
1520.7327,1228,0.650091648,259.92501979731554
1521.7442,1229,0.64992547,259.99848378487087
1522.7557,1230,0.649757802,260.0726032115765
1523.7673,1231,0.649588584,260.147404513758
1524.7787,1232,0.649419903,260.2219651236994
1525.7897,1233,0.6492576,260.2937033973587
1526.8013,1234,0.649086773,260.36920598978327
1527.8123,1235,0.648919761,260.44301914029023
1528.8231,1236,0.648754239,260.5161705700313
1529.8337,1237,0.648591756,260.5879758397632
1530.8452,1238,0.648423612,260.6622796215748
1531.8563,1239,0.648261606,260.73386788606865
1532.8674,1240,0.648094892,260.80753337708717
1533.8784,1241,0.647933661,260.87877304697224
1534.8899,1242,0.64776659,260.95258993731994
1535.9011,1243,0.64760518,261.0239025639798
1536.9126,1244,0.647440791,261.0965282474223
1537.9242,1245,0.647276103,261.16928289475527
1538.9358,1246,0.647109091,261.2430610219925
1539.9475,1247,0.646955251,261.31101752334683
1540.9591,1248,0.646787285,261.38521085357985
1541.9706,1249,0.646627366,261.4558466684045
1542.9819,1250,0.646469235,261.52568982931706
1543.9931,1251,0.646305739,261.5978995693232
1545.0044,1252,0.646145045,261.6688687766904
1546.0158,1253,0.645987331,261.73851900107053
1547.0269,1254,0.64582473,261.8103244440566
1548.0387,1255,0.645668566,261.8792844125789
1549.0499,1256,0.645506143,261.9510052996996
1550.0608,1257,0.645347297,262.0211437651532
1551.0724,1258,0.645191252,262.09004262808384
1552.0841,1259,0.645032405,262.1601757937737
1553.0949,1300,0.644876241,262.22912155642604
1554.1069,1301,0.64471662,262.2995906811336
1555.1181,1302,0.644558191,262.36953067758526
1556.1293,1303,0.644400238,262.43925767775863
1557.1405,1304,0.644248008,262.50645560608854
1558.1519,1305,0.644088447,262.576886765615
1559.1635,1306,0.64393264,262.64565807815967
1560.1748,1307,0.643779873,262.7130848778168
1561.1861,1308,0.643621802,262.7828498984613
1562.1975,1309,0.643469929,262.849876729345
1563.2092,1310,0.643314182,262.91861055710643
1564.2207,1311,0.643158793,262.98718363588017
1565.2322,1312,0.64300704,263.054149492854
1566.2439,1313,0.642852246,263.1224545844849
1567.2555,1314,0.642697513,263.1907300314206
1568.2664,1315,0.642545819,263.2576618833064
1569.2772,1316,0.64239341,263.32490657728096
1570.2887,1317,0.642239272,263.39291144000373
1571.3002,1318,0.642086207,263.4604402281995
1572.3118,1319,0.641935884,263.52675671759664
1573.3235,1320,0.641785502,263.5930966676667
1574.3344,1321,0.641633689,263.6600652894284
1575.3454,1322,0.641482234,263.72687338257316
1576.3569,1323,0.641334056,263.7922334455952
1577.3683,1324,0.641182482,263.8590888805765
1578.3801,1325,0.641032755,263.9251270953839
1579.3913,1326,0.640882849,263.99124171635435
1580.4021,1327,0.640733659,264.05703802707893
1581.4132,1329,0.640585303,264.12246402722
1582.4248,1330,0.64043641,264.18812434575614
1583.4364,1331,0.640290975,264.25225730204215
1584.4479,1332,0.640141725,264.3180700873435
1585.4595,1333,0.639993548,264.38340723797654
1586.471,1334,0.639848768,264.44724412236144
1587.4817,1335,0.639701306,264.51226113253836
1588.4931,1336,0.639555275,264.5766447887292
1589.5048,1337,0.639407396,264.64184076112235
1590.5164,1338,0.639259457,264.7070607210828
1591.528,1339,0.639116168,264.7702283462541
1592.539,1340,0.638969182,264.835023358726
1593.5505,1341,0.638824045,264.89900090232453
1594.5618,1342,0.638678967,264.96295007131556
1595.5732,1343,0.638536632,265.02568785015615
1596.5847,1344,0.638392031,265.0894220959237
1597.5954,1345,0.638249874,265.1520768373331
1598.6076,1346,0.638103127,265.2167522114536
1599.6184,1347,0.63795799,265.2807156390408
1600.63,1348,0.637816667,265.3429959265808
1601.6424,1349,0.637675464,265.4052210953967
1602.6538,1350,0.637531697,265.46857387007265
1603.6645,1351,0.63739252,265.5299017977857
1604.6762,1352,0.637248158,265.5935121898029
1605.6878,1353,0.637107014,265.6557023769863
1606.6994,1354,0.636968553,265.7167082293747
1607.7108,1355,0.636825799,265.77960333234694
1608.722,1356,0.636685371,265.8414714162574
1609.7336,1357,0.636546194,265.9027861770913
1610.7452,1358,0.636406898,265.96415119909125
1611.7565,1359,0.636266052,266.0261968524517
1612.7675,1400,0.636127173,266.08737383473584
1613.779,1401,0.635989129,266.1481808645563
1614.7898,1402,0.635850369,266.20930114594694
1615.8013,1403,0.635711431,266.27049768374445
1616.8122,1404,0.635574102,266.3309834111566
1617.8235,1405,0.635437548,266.39112571414563
1618.8347,1406,0.635299742,266.4518173317435
1619.8464,1407,0.635161519,266.51269048137937
1620.858,1408,0.635028183,266.5714093940089
1621.8686,1409,0.634888887,266.6327508808952
1622.8799,1410,0.634754419,266.69196422846454
1623.8914,1411,0.634615302,266.75322266436245
1624.9031,1412,0.634479999,266.8127995940718
1625.9143,1413,0.634343683,266.87282051810877
1626.9259,1414,0.634208142,266.93249816264023
1627.9375,1415,0.634073436,266.99180614729846
1628.9489,1416,0.633941531,267.0498789688799
1629.9604,1417,0.633805036,267.1099705683093
1630.9719,1418,0.633669853,267.16948253181863
1631.9835,1419,0.633537948,267.22754946542716
1632.9949,1420,0.63340342,267.28676911000076
1634.0066,1421,0.633271098,267.3450157163706
1635.018,1422,0.633142113,267.4017915534736
1636.0291,1423,0.633006572,267.4614511925552
1637.0401,1424,0.632877111,267.5184327704866
1638.0516,1425,0.632741808,267.57798369896364
1639.0627,1426,0.632612645,267.63483034592895
1640.0737,1427,0.632479786,267.693301742455
1641.0852,1428,0.63234955,267.7506168671132
1642.0967,1429,0.632217228,267.80884810045796
1643.1087,1430,0.63209021,267.8647433787271
1644.1202,1431,0.63195461,267.92441327598857
1645.1317,1432,0.631827831,267.98019972129237
1646.144,1433,0.631698846,268.0369550582625
1647.1554,1434,0.631569623,268.09381328643656
1648.1669,1435,0.631442248,268.14985659893
1649.178,1436,0.631309866,268.2081010382911
1650.1896,1437,0.631185233,268.26293437390774
1651.2011,1438,0.63105756,268.3191034170979
1652.2127,1439,0.63092935,268.3755069127459
1653.2243,1440,0.630802035,268.4315148885858
1654.2358,1441,0.630676746,268.4866298606649
1655.2472,1442,0.630547106,268.5436570407523
1656.2588,1443,0.630425453,268.5971691568513
1657.2697,1444,0.630296289,268.6539834027208
1658.2813,1445,0.630170285,268.70940592944066
1659.2928,1446,0.630044639,268.7646692632777
1660.3043,1447,0.629921495,268.8188304602396
1661.316,1448,0.629795789,268.8741167684161
1662.327,1449,0.629671156,268.9289294617586
1663.3383,1450,0.629546105,268.9839242854355
1664.3497,1451,0.629424631,269.037344386339
1665.3612,1452,0.629301488,269.0914968145678
1666.3725,1453,0.629178106,269.1457526866293
1667.384,1454,0.629054963,269.19990180799067
1668.395,1455,0.628935575,269.25239818390907
1669.4059,1457,0.628811776,269.30683249288603
1670.4174,1458,0.628689289,269.3606882759889
1671.4283,1459,0.62856692,269.4144905473012
1672.4397,1500,0.628445565,269.46784538355934
1673.4511,1501,0.628324508,269.52106760738104
1674.4626,1502,0.628205537,269.57337117917973
1675.4741,1503,0.62808758,269.6252274463505
1676.4856,1504,0.627964437,269.67936197258894
1677.497,1505,0.627843916,269.7323422566999
1678.5084,1506,0.627725481,269.784404014039
1679.5193,1507,0.627604544,269.83756403404806
1680.53,1508,0.627488017,269.88878406098183
1681.5416,1509,0.627369165,269.941024538703
1682.5528,1510,0.627248644,269.99399705115644
1683.5643,1511,0.627130746,270.04581515759224
1684.5758,1512,0.627009451,270.09912473241803
1685.5873,1513,0.62689346,270.15010169306936
1686.5988,1514,0.626776039,270.2017056444989
1687.6103,1515,0.626657843,270.2536486873025
1688.6215,1516,0.626539289,270.3057475433838
1689.633,1517,0.626423954,270.35643034598775
1690.6453,1518,0.626306474,270.40805427177816
1691.6561,1519,0.626190006,270.45923202783285
1692.6676,1520,0.626074671,270.50991048594574
1693.6792,1521,0.625959932,270.5603256379855
1694.6907,1522,0.625839233,270.6133580230515
1695.7022,1523,0.625728905,270.661832255266
1696.7131,1524,0.625612139,270.71313369063097
1697.7247,1525,0.62549746,270.76351676952254
1698.7363,1526,0.625379145,270.81549580656525
1699.7478,1527,0.625267148,270.86469778580323
1700.7593,1528,0.625150322,270.9160197816106
1701.771,1529,0.625035226,270.9665803498404
1702.7825,1530,0.624922752,271.0159877244985
1703.7936,1531,0.624808371,271.0662314101648
1704.8047,1532,0.62469536,271.11587192286834
1705.8162,1533,0.624583125,271.16517021900574
1706.827,1534,0.624466538,271.21637866521377
1707.8385,1535,0.624353647,271.265962331254
1708.8499,1536,0.624242961,271.3145761980094
1709.8606,1537,0.624130606,271.36392175659233
1710.8721,1538,0.624019503,271.41271611655105
1711.8837,1539,0.6239084,271.46150915580466
1712.8945,1540,0.623793661,271.51189762934183
1713.906,1541,0.62368375,271.560164531392
1714.9176,1542,0.623574078,271.60832519091616
1715.9292,1543,0.6234622,271.65745325522687
1716.9409,1544,0.623351573,271.7060306639647
1717.9518,1545,0.623241543,271.75434462830674
1718.9632,1546,0.623132288,271.80231701344206
1719.9748,1547,0.623021304,271.8510472754234
1720.9863,1548,0.62291336,271.8984414906307
1721.9974,1549,0.622801899,271.94737858718236
1723.0086,1550,0.622692525,271.9953980970564
1724.0198,1551,0.622585356,272.04244828905524
1725.0311,1552,0.622474908,272.0909367745367
1726.0425,1553,0.622365772,272.1388479954001
1727.054,1554,0.622257292,272.1864699735898
1728.0655,1555,0.622153639,272.2319717627593
1729.0763,1556,0.622043251,272.28042883920716
1730.0878,1557,0.621934473,272.3281779065992
1731.0992,1558,0.621828734,272.3745917734257
1732.1103,1559,0.621721088,272.421841493719
1733.1218,1600,0.621614575,272.46859268891217
1734.1332,1601,0.621511161,272.5139825046368
1735.1456,1602,0.621400594,272.5625106151422
1736.1572,1603,0.621297776,272.6076365088159
1737.1688,1604,0.621189355,272.65522029520787
1738.18,1605,0.621087074,272.7001082182164
1739.1915,1606,0.620981216,272.74656480779424
1740.2031,1607,0.620877444,272.7921047890638
1741.2146,1608,0.62076646,272.84080847048637
1742.2256,1609,0.620664238,272.8856659256418
1743.2371,1610,0.620559573,272.93159428281984
1744.2486,1611,0.62045598,272.9770510924295
1745.2597,1612,0.620349943,273.0235791597533
1746.2712,1613,0.620244026,273.07005338671365
1747.2825,1614,0.620142042,273.11480077401524
1748.2937,1615,0.620038509,273.1602266912928
1749.305,1616,0.619936645,273.20491921811345
1750.3161,1617,0.619834423,273.2497677163726
1751.3276,1618,0.61973083,273.2952165982702
1752.3391,1619,0.6196298,273.3395399377047
1753.3507,1620,0.619534552,273.38132564447386
1754.3621,1621,0.619429469,273.42742489963683
1755.373,1622,0.619327068,273.47234645994234
1756.3854,1623,0.61922574,273.51679622749634
1757.397,1624,0.619121968,273.5623169903445
1758.4085,1626,0.61902213,273.60611099085577
1759.4201,1627,0.618921637,273.65019124953295
1760.4317,1628,0.618823945,273.6930418601986
1761.4437,1629,0.618718862,273.7391332638317
1762.4546,1630,0.618615388,273.7845177965843
1763.4661,1631,0.618516743,273.82778324464323
1764.478,1632,0.618416726,273.87164940615213
1765.4895,1633,0.618317902,273.9149913028933
1766.5007,1634,0.618218243,273.95869837424976
1767.5123,1635,0.618115186,274.003894598948
1768.5237,1636,0.618017971,274.0465277620068
1769.5352,1637,0.617917656,274.09051937736945
1770.5463,1638,0.617818295,274.1340915920977
1771.5577,1639,0.61771804,274.1780548004562
1772.5688,1640,0.617621183,274.2205269401054
1773.5801,1641,0.617523789,274.26323356699436
1774.5913,1642,0.617427945,274.3052595610913
1775.6026,1643,0.617325127,274.35034247056393
1776.6141,1644,0.617227554,274.39312456832
1777.6256,1645,0.617132425,274.4348341067377
1778.6373,1646,0.617033064,274.47839816714077
1779.6483,1647,0.616935372,274.52122946308896
1780.6597,1648,0.61683923,274.5633802175773
1781.6712,1649,0.616742789,274.60566109190955
1782.6829,1650,0.616644799,274.6486200732214
1783.6936,1651,0.616548717,274.6907416126641
1784.7051,1652,0.61645174,274.7332545375364
1785.7174,1653,0.616356134,274.77516548280687
1786.7283,1654,0.61626023,274.81720610695896
1787.7397,1655,0.616164803,274.85903668281685
1788.7507,1656,0.616070508,274.9003701143357
1789.7616,1657,0.615974187,274.94259067167445
1790.7733,1658,0.615878403,274.98457488859924
1791.7849,1659,0.615786492,275.02486058893425
1792.7964,1700,0.615688264,275.0679141366787
1793.8073,1701,0.61559391,275.10926875843194
1794.819,1702,0.61550194,275.1495776023211
1795.8306,1703,0.615407645,275.1909045419375
1796.8422,1704,0.615312099,275.2327788202782
1797.8534,1705,0.615220904,275.2727453334038
1798.8649,1706,0.615126848,275.3139647863909
1799.8764,1707,0.615034997,275.35421702735084
1800.8879,1708,0.614941537,275.3951734901066
1801.8991,1709,0.614848375,275.4359984619244
1802.9105,1710,0.61475563,275.47663980588965
1803.9214,1711,0.61466521,275.5162614659324
1804.9328,1712,0.614569723,275.558102545858
1805.9448,1713,0.614479243,275.5977487579392
1806.956,1714,0.614388048,275.63770741005226
1807.9677,1715,0.614298582,275.67690763620567
1808.9792,1716,0.614208817,275.7162380406875
1809.9906,1717,0.614113807,275.7578656280169
1811.0021,1718,0.614026069,275.7963062410077
1812.0132,1719,0.613932013,275.83751407457277
1813.0247,1720,0.613844633,275.875796200078
1814.0363,1721,0.613753378,275.915775164713
1815.0478,1722,0.613664925,275.9545257493682
1816.0593,1723,0.613572239,275.99512991409637
1817.0708,1724,0.61348319,276.03413993735506
1818.0819,1725,0.613393247,276.073540769659
1819.0933,1726,0.613305985,276.1117663553053
1820.1048,1727,0.613216102,276.1511392648435
1821.1164,1728,0.61312741,276.18998964675166
1822.1279,1729,0.613037109,276.22954399927033
1823.1387,1730,0.612950205,276.267609579713
1824.1499,1731,0.612861514,276.3064570994926
1825.1615,1732,0.612773418,276.3450432035845
1826.173,1733,0.612684369,276.38404591236076
1827.1844,1734,0.612598657,276.4215862745412
1828.1959,1735,0.61251074,276.46009160506264
1829.2073,1736,0.612421035,276.49937921523235
1830.2194,1737,0.612335979,276.53662996602975
1831.2303,1738,0.612248778,276.57481936163623
1832.242,1739,0.612160623,276.6134257663571
1833.2537,1740,0.612074077,276.6513267547208
1834.2645,1741,0.61198616,276.6898273581018
1835.2757,1742,0.611899018,276.7279877926848
1836.2873,1743,0.611816048,276.76432054060854
1837.2989,1744,0.61172986,276.80206171210205
1838.3104,1745,0.611643075,276.8400635384084
1839.3213,1746,0.611557304,276.8776205929974
1840.3326,1747,0.61147052,276.91562045060607
1841.3436,1748,0.611388385,276.95158395532417
1842.3547,1749,0.61130172,276.9895302117684
1843.3664,1750,0.611216306,277.0269279676864
1844.3775,1751,0.611132025,277.063828919767
1845.3888,1752,0.611048638,277.1003377363675
1846.3999,1753,0.610961437,277.13851565441155
1847.4112,1755,0.610878229,277.1749446536544
1848.4228,1756,0.610794246,277.21171223723337
1849.4336,1757,0.610709965,277.2486095620193
1850.4456,1758,0.61062622,277.2852715149795
1851.4568,1759,0.610542535,277.32190648764924
1852.4684,1800,0.610458612,277.3586449341226
1853.4807,1801,0.610377252,277.3942607078464
1854.4923,1802,0.610293984,277.43071102141613
1855.5038,1803,0.610208749,277.4680216528879
1856.5152,1804,0.610126376,277.50407877523645
1857.5461,1805,0.610042154,277.5409445470692
1858.5577,1806,0.609960794,277.5765568758532
1859.5694,1807,0.609877765,277.61289905443516
1860.5809,1808,0.609799146,277.6473103103401
1861.5922,1809,0.609714448,277.68438162081185
1862.6037,1810,0.609631419,277.72072172319696
1863.6151,1811,0.609550714,277.75604398788425
1864.6263,1812,0.609468638,277.7919656225389
1865.6371,1813,0.609387457,277.82749487695787
1866.6487,1814,0.609304845,277.8636497297509
1867.6604,1815,0.609224081,277.8989951434223
1868.6718,1816,0.609144091,277.9340011739595
1869.6834,1817,0.609065413,277.96843240186763
1870.6947,1818,0.608983397,278.0043237452221
1871.7059,1819,0.608901262,278.040266482548
1872.7173,1820,0.608822464,278.0747482885924
1873.7283,1821,0.608741521,278.1101680875187
1874.7398,1822,0.608661472,278.1451960301769
1875.7514,1823,0.608582794,278.17962341794095
1876.7624,1824,0.60850346,278.2143372205792
1877.7739,1825,0.608424425,278.2489195591892
1878.7855,1826,0.608342647,278.28470145355425
1879.7969,1827,0.608264744,278.31878721724144
1880.8084,1828,0.608187556,278.3525595351556
1881.8199,1829,0.60810548,278.3884698564815
1882.8311,1830,0.608026742,278.42291908022145
1883.8426,1831,0.607949495,278.456715358662
1884.854,1832,0.607871055,278.4910329703928
1885.8659,1833,0.607793271,278.5250629691547
1886.8772,1834,0.607715487,278.5590923586431
1887.8887,1835,0.607637405,278.59325150628973
1888.9001,1836,0.607561469,278.62647123790606
1889.9108,1837,0.607482492,278.661020700744
1890.9222,1838,0.607403934,278.695386244526
1891.9331,1839,0.60732764,278.7287607975949
1892.9443,1840,0.60724771,278.76372527906324
1893.9555,1841,0.607173085,278.79636856836646
1894.9667,1842,0.607096731,278.82976759691076
1895.9779,1843,0.607019662,278.8634787895288
1896.9895,1844,0.606941938,278.8974758855658
1898.0011,1845,0.606865465,278.93092519255896
1899.0125,1846,0.606791257,278.9633832271554
1900.0232,1847,0.6067124,278.9978740949522
1901.0345,1848,0.606638908,279.03001783101223
1902.046,1849,0.606560885,279.0641427313878
1903.0572,1850,0.606486678,279.09659806282116
1904.0687,1851,0.606410145,279.1300701207589
1905.0802,1852,0.606335282,279.16281122906787
1906.0919,1853,0.606261074,279.1952653213839
1907.103,1854,0.606184065,279.2289438190393
1908.1145,1855,0.606111228,279.26079722174643
1909.1261,1856,0.606034219,279.2944745650943
1910.1376,1857,0.605961263,279.3263789157591
1911.149,1858,0.605888068,279.35838724875606
1912.1603,1859,0.60581243,279.39146334852995
1913.1715,1900,0.605739295,279.423444356112
1914.183,1901,0.605665147,279.4558677904486
1915.1946,1902,0.605590581,279.4884734542809
1916.2061,1903,0.605519771,279.5194362087807
1917.2175,1904,0.605443954,279.55258779595886
1918.2284,1905,0.605369627,279.5850873122157
1919.2401,1906,0.605294823,279.6177948407763
1920.2514,1907,0.605222821,279.6492766874969
1921.2621,1908,0.605150282,279.6809928073854
1922.2732,1909,0.605077207,279.712942751737
1923.2844,1910,0.605003654,279.7451011508107
1924.296,1911,0.604930043,279.77728436902476
1925.3078,1912,0.604856014,279.8096497956954
1926.3193,1913,0.604782342,279.84185860086217
1927.3309,1914,0.604710876,279.873102444716
1928.3423,1915,0.604638814,279.9046063364142
1929.3539,1916,0.60456866,279.9352755973504
1930.3647,1917,0.604495286,279.967352024068
1931.3762,1918,0.60442084,279.9998965432785
1932.3876,1919,0.604351341,280.03027795470615
1933.3992,1920,0.604276657,280.06292544858786
1934.4099,1922,0.604205429,280.09406166479255
1935.4215,1923,0.604134559,280.1250408871885
1936.433,1924,0.604063868,280.155941367406
1937.4446,1925,0.603994786,280.18613804205387
1938.4557,1926,0.603923439,280.21732428210055
1939.4668,1927,0.603852391,280.2483793259249
1940.478,1928,0.603782176,280.2790697744774
1941.4897,1929,0.603708744,280.3111658271053
1942.5013,1930,0.603641569,280.34052656892715
1943.5129,1931,0.603570699,280.37150183119417
1944.5244,1932,0.603501141,280.40190317220123
1945.5357,1933,0.603432357,280.4319657544486
1946.5469,1934,0.603359878,280.46364275883445
1947.5586,1935,0.603289723,280.49430356245153
1948.57,1936,0.603219747,280.5248856505781
1949.5814,1937,0.603152215,280.55439916188556
1950.593,1938,0.603083968,280.5842246919179
1951.6046,1939,0.60301876,280.61272167835307
1952.6175,1940,0.602948725,280.64332767689586
1953.6283,1941,0.602876365,280.67494921525906
1954.6398,1942,0.602807641,280.70498133225647
1955.6513,1943,0.602740347,280.73438809340746
1956.6625,1944,0.602672457,280.7640548476484
1957.6738,1945,0.602606296,280.7929656216187
1958.6851,1946,0.602539539,280.8221363960282
1959.6965,1947,0.602469742,280.8526350881991
1960.7082,1948,0.602402448,280.88203960809955
1961.7205,1949,0.602336227,280.91097483880515
1962.7318,1950,0.602267146,280.9411592848781
1963.7428,1951,0.602199733,280.9706144575224
1964.754,1952,0.602135837,280.9985325131573
1965.7655,1953,0.602065742,281.02915863362455
1966.7763,1954,0.602001368,281.05728469174744
1967.788,1955,0.601934254,281.08660746709376
1968.7995,1956,0.601867675,281.11569605818494
1969.8109,1957,0.601799428,281.14551295208537
1970.8223,1958,0.601735174,281.1735848990351
1971.8339,1959,0.601668477,281.2027237400526
1972.845,2000,0.601603627,281.2310552378807
1973.8563,2001,0.601538479,281.2595165095634
1974.8679,2002,0.601475715,281.28693588692926
1975.8795,2003,0.601409316,281.31594284692665
1976.8913,2004,0.601344048,281.3444552987255
1977.9028,2005,0.601276457,281.37398211737366
1978.9144,2006,0.601213097,281.4016602364676
1979.9258,2007,0.601146578,281.4307179067173
1980.9374,2008,0.601084113,281.45800426284734
1981.9488,2009,0.601018011,281.486878940192
1982.9605,2010,0.600955486,281.51419071863205
1983.9714,2011,0.600889265,281.5431165434047
1984.9826,2012,0.600827634,281.5700370365856
1985.9943,2013,0.600762248,281.5985973119826
1987.0059,2014,0.600701153,281.6252829223635
1988.0176,2015,0.600637316,281.6531658177247
1989.0291,2016,0.600572764,281.68136060768313
1990.0407,2017,0.600511193,281.70825298781625
1991.0522,2018,0.600450038,281.7349633049572
1992.0638,2019,0.600385427,281.76318268253766
1993.0754,2020,0.600320458,281.79155800855716
1994.0869,2021,0.600258469,281.8186314302195
1995.0984,2022,0.600196003,281.8459128002323
1996.11,2023,0.600133061,281.87340167324766
1997.1215,2024,0.600071251,281.9003957880673
1998.133,2025,0.600009262,281.92746770296986
1999.1442,2026,0.599947154,281.9545912120798
2000.1553,2027,0.599886238,281.9811937915123
2001.1667,2028,0.599823951,282.00839472550757
2002.1777,2029,0.599761724,282.0355690800066
2003.1892,2030,0.599703848,282.0608430267406
2004.1999,2031,0.599638342,282.08944853487066
2005.2112,2032,0.599580585,282.11466982210516
2006.2227,2033,0.599519908,282.1411658633763
2007.2342,2034,0.599457442,282.16844273955496
2008.2457,2035,0.599395811,282.1953546264763
2009.2573,2036,0.599336683,282.22117320253176
2010.2687,2037,0.599276483,282.24745952439645
2011.2797,2038,0.599217951,282.2730171766796
2012.291,2039,0.599157154,282.29956347550063
2013.3024,2040,0.599096,282.3262652920937
2014.314,2041,0.5990386,282.3513276604109
2015.3255,2042,0.598976492,282.37844530668906
2016.3372,2043,0.598916113,282.4048076767594
2017.3484,2044,0.598857998,282.43018121673407
2018.3599,2045,0.59880203,282.4546170472864
2019.3715,2046,0.598739683,282.48183761463895
2020.383,2047,0.598680675,282.5076000346578
2021.3944,2048,0.598622381,282.5330503966859
2022.4059,2050,0.598564326,282.5583960874001
2023.4175,2051,0.598505496,282.58407979513635
2024.4287,2052,0.598444283,282.6108035053651
2025.44,2053,0.598389565,282.6346913916294
2026.4514,2054,0.59833157,282.66000958045714
2027.4625,2055,0.598274827,282.68478088354584
2028.474,2056,0.59821397,282.7113478178222
2029.4856,2057,0.598154008,282.7375236923475
2030.4973,2058,0.598100483,282.7608892584978
2031.5087,2059,0.598040759,282.78696058175666
2032.5203,2100,0.597983717,282.811860809509
2033.5319,2101,0.597927629,282.836344286451
2034.5434,2102,0.597869396,282.86176377514687
2035.556,2103,0.597811698,282.88694940621576
2036.5667,2104,0.597756087,282.9112237412358
2037.5779,2105,0.597696483,282.9372406989836
2038.5895,2106,0.597641408,282.9612804578565
2039.6003,2107,0.597585856,282.98552812670005
2040.6118,2108,0.597530424,283.0097231206024
2041.6231,2109,0.597474575,283.0340998273437
2042.6338,2110,0.597417652,283.05894499915826
2043.6451,2111,0.597362935,283.0828270242325
2044.6565,2112,0.597304999,283.10811371398813
2045.668,2113,0.597251594,283.131422521589
2046.6795,2114,0.597194314,283.1564222818877
2047.6911,2115,0.597139179,283.1804855622058
2048.7019,2116,0.597086489,283.2034814662104
2049.7133,2117,0.597026348,283.2297289413022
2050.7244,2118,0.596972703,283.25314105858644
2051.7354,2119,0.596919894,283.27618805273386
2052.7463,2120,0.596864342,283.3004318622648
2053.7571,2121,0.596811294,283.32358260800504
2054.7686,2122,0.596753776,283.34868380662317
2055.7801,2123,0.596699595,283.37232842781043
2056.7913,2124,0.596646666,283.3954264031858
2057.8029,2125,0.596590936,283.41974643151264
2058.8143,2126,0.596538722,283.4425318412043
2059.8251,2127,0.59648168,283.4674238189132
2060.8359,2128,0.596430182,283.489896238732
2061.8467,2129,0.596376359,283.51338295763156
2062.858,2130,0.596321165,283.53746765066506
2063.8689,2131,0.59626764,283.56082377264966
2064.8804,2132,0.596213936,283.58425772691214
2065.8914,2133,0.596163988,283.6060524875386
2066.9021,2134,0.596109807,283.62969404327094
2067.9132,2135,0.596057474,283.6525289682673
2068.9247,2136,0.596004307,283.6757275313466
2069.9359,2137,0.595951139,283.69892626011296
2070.9469,2138,0.595899581,283.7214222411201
2071.9585,2139,0.59585005,283.74303355426264
2072.9701,2140,0.595793306,283.7677917473992
2073.9814,2141,0.595743119,283.78968877395874
2074.9928,2142,0.595693051,283.811533639772
2076.0039,2143,0.595638513,283.83532851149437
2077.0151,2144,0.595589995,283.8564966246212
2078.0263,2145,0.595534503,283.88070717645013
2079.0379,2146,0.595484316,283.9026029615294
2080.0489,2147,0.595431089,283.92582478709113
2081.0603,2148,0.595380902,283.94772007650494
2082.0718,2149,0.595328509,283.9705775300857
2083.0831,2150,0.595279335,283.992030394674
2084.0947,2151,0.595225453,284.01553692702123
2085.106,2152,0.595176458,284.0369112189414
2086.1167,2153,0.595125257,284.05924764375567
2087.1279,2154,0.595073282,284.08192147021754
2088.1394,2155,0.595023214,284.1037631342002
2089.1512,2156,0.594977736,284.123602249535
2090.162,2157,0.594921827,284.1479914666685
2091.1735,2158,0.594871699,284.1698585814539
2092.1841,2159,0.594823896,284.1907112488748
2093.1949,2200,0.594774901,284.21208366579606
2094.2063,2201,0.594723284,284.23459959461184
2095.2171,2202,0.594673752,284.25620578402555
2096.2283,2203,0.594623506,284.27812318647597
2097.2397,2204,0.594573676,284.29985889171
2098.2511,2205,0.594523489,284.3217500806208
2099.2625,2206,0.594472944,284.343797184338
2100.2739,2207,0.594424188,284.3650637182457
2101.2854,2208,0.594375908,284.3861224064439
2102.2969,2209,0.5943259,284.40793457720434
2103.3077,2210,0.594279527,284.4281610445179
2104.3189,2211,0.594228863,284.4502588797392
2105.3303,2212,0.594181656,284.4708486751176
2106.3417,2213,0.594133734,284.4917501083428
2107.3525,2214,0.594085991,284.51257325300907
2108.3638,2215,0.594036996,284.53394223350614
2109.3753,2216,0.593991041,284.55398512272075
2110.3867,2217,0.593941271,284.57569166634767
2111.3982,2218,0.593893229,284.5966443422432
2112.4096,2220,0.593844115,284.61806432593244
2113.4211,2221,0.593800663,284.6370147630469
2114.4325,2222,0.593751311,284.65853811161975
2115.444,2223,0.593705654,284.67844979470686
2116.4556,2224,0.593658626,284.6989591844224
2117.4663,2225,0.593609452,284.7204042425772
2118.4775,2226,0.593560516,284.74174528029215
2119.489,2227,0.593516647,284.76087640162103
2120.5005,2228,0.593466043,284.7829444072537
2121.5116,2229,0.593419671,284.80316665827576
2122.5231,2230,0.593372583,284.8237009398065
2123.5345,2231,0.593325495,284.84423501162433
2124.5459,2232,0.593278944,284.86453470310994
2125.5575,2233,0.593232035,284.88499030193407
2126.5687,2234,0.593187272,284.90450990101175
2127.5796,2235,0.593138694,284.9256928756532
2128.5904,2236,0.593093693,284.9453158609196
2129.6016,2237,0.593045651,284.9662646833474
2130.613,2238,0.592999637,284.98632898744864
2131.6245,2239,0.59295541,285.0056138856974
2132.6359,2240,0.592908263,285.0261718277967
2133.6473,2241,0.592863202,285.0458199959773
2134.6585,2242,0.59281677,285.06606576757554
2135.6697,2243,0.59276998,285.08646743238563
2136.6806,2244,0.592726349,285.10549150446434
2137.6913,2245,0.592682659,285.1245411219705
2138.7027,2246,0.592634499,285.14553953051774
2139.7138,2247,0.592590332,285.1647967451223
2140.7251,2248,0.592543363,285.18527545558686
2141.736,2249,0.592500388,285.20401258071473
2142.7468,2250,0.592454195,285.224152561741
2143.7583,2251,0.592408716,285.24398104504183
2144.7698,2252,0.592365026,285.263029355136
2145.7812,2253,0.592322587,285.28153207236807
2146.7927,2254,0.59227401,285.30271065022714
2147.8042,2255,0.592231154,285.32139480482294
2148.8158,2256,0.592187345,285.3404942652371
2149.8273,2257,0.59214282,285.35990569604513
2150.8388,2258,0.59209901,285.37900522849793
2151.8497,2259,0.592055261,285.3980779871562
2152.8606,2300,0.592011451,285.4171771590233
2153.8721,2301,0.591966569,285.43674348720674
2154.8837,2302,0.591925382,285.4546988119435
2155.8947,2303,0.591879546,285.47468066419617
2156.9063,2304,0.591836869,285.493285197278
2157.9179,2305,0.591793358,285.5122531267341
2158.9294,2306,0.591750562,285.5309091899289
2159.9402,2307,0.591707468,285.5496949865904
2160.9517,2308,0.59166342,285.5688964766021
2161.9632,2309,0.591623663,285.5862272692409
2162.9749,2310,0.591576337,285.60685733207697
2163.9863,2311,0.591534852,285.624941048873
2164.9978,2312,0.591491878,285.6436736651685
2166.0093,2313,0.59145081,285.6615752832239
2167.0209,2314,0.591406226,285.68100935331665
2168.0326,2315,0.591364741,285.6990924086674
2169.0443,2316,0.591321408,285.7179808236508
2170.0566,2317,0.591281592,285.7353360589819
2171.0683,2318,0.591237902,285.75437974569576
2172.0797,2319,0.591198205,285.7716828004314
2173.0912,2320,0.591158747,285.7888815341117
2174.1026,2321,0.591116607,285.8072491221407
2175.1143,2322,0.591071903,285.8267341008176
2176.1255,2323,0.591030955,285.8445818006464
2177.137,2324,0.590989768,285.8625335134252
2178.1481,2325,0.590948462,285.88053693407386
2179.1595,2326,0.590908944,285.8977608969336
2180.1711,2327,0.590864479,285.91714084054223
2181.1825,2328,0.59082514,285.9342864776007
2182.194,2329,0.590783298,285.9525228715884
2183.205,2330,0.590739965,285.97140892979013
2184.216,2331,0.59070003,285.98881386379315
2185.227,2332,0.590658843,286.0067643029317
2186.2378,2333,0.590618193,286.0244805472569
2187.2494,2334,0.590576052,286.042846442289
2188.2609,2335,0.590536832,286.0599391578982
2189.2725,2336,0.590494513,286.07838230726543
2190.2839,2337,0.590455412,286.0954228635001
2191.295,2338,0.590418338,286.1115799037859
2192.3065,2339,0.590373873,286.13095781092017
2193.3187,2340,0.590332806,286.1488547013185
2194.3302,2341,0.590293109,286.1661543999023
2195.3417,2342,0.590255558,286.1825187502508
2196.3526,2343,0.590210497,286.20215571008265
2197.3641,2344,0.590171992,286.2189355060191
2198.3755,2345,0.590133488,286.2357147280868
2199.3869,2346,0.590091288,286.25410442956195
2200.3985,2347,0.590052247,286.2711173704267
2201.4095,2349,0.590012848,286.2882861735203
2202.421,2350,0.589974761,286.30488311234484
2203.4325,2351,0.589936673,286.32148035194825
2204.444,2352,0.58989346,286.3403106998419
2205.4556,2353,0.589855432,286.35688150633285
2206.4668,2354,0.589816093,286.3740234431936
2207.4783,2355,0.589775443,286.39173649606505
2208.4898,2356,0.589738547,286.4078136275025
2209.5014,2357,0.5897004,286.42443573896844
2210.5131,2358,0.589661836,286.441239415885
2211.5246,2359,0.589622199,286.45851049225547
2212.536,0000,0.589584946,286.4747426524828
2213.5476,0001,0.589545786,286.49180560628946
2214.5586,0002,0.58950752,286.5084788852424
2215.5702,0003,0.589468777,286.5253598643616
2216.5817,0004,0.589428305,286.54299404918083
2217.5932,0005,0.589391887,286.55886172273927
2218.6045,0006,0.589352846,286.5758721260065
2219.6161,0007,0.589315831,286.591999658064
2220.6273,0008,0.58927989,286.6076591239213
2221.6381,0009,0.589236855,286.6264092824994
2222.6494,0010,0.589201092,286.6419909323037
2223.6606,0011,0.589165031,286.65770229825415
2224.6715,0012,0.589126408,286.67452976468417
2225.6828,0013,0.589088022,286.6912538367837
2226.6936,0014,0.589053034,286.7064973440464
2227.7043,0015,0.589012801,286.7240258430668
2228.7157,0016,0.588976681,286.73976228446395
2229.727,0017,0.588941037,286.75529122797633
2230.7385,0018,0.588902711,286.7719885013367
2231.7499,0019,0.588867902,286.78715342522526
2232.7615,0020,0.588832318,286.8026558704883
2233.773,0021,0.588792264,286.82010556572135
2234.7845,0022,0.58875668,286.83560776197356
2235.796,0023,0.588719725,286.85170711143275
2236.8076,0024,0.588681757,286.8682476401721
2237.8199,0025,0.588645994,286.8838274521476
2238.8314,0026,0.588609218,286.8998484446696
2239.8429,0027,0.588571369,286.91633674534916
2240.8544,0028,0.588535666,286.93189005473346
2241.866,0029,0.588500201,286.9473395675061
2242.8776,0030,0.588465273,286.9625550350021
2243.8885,0031,0.58842957,286.97810799447933
2244.9,0032,0.588394582,286.9933493710881
2245.9116,0033,0.588355302,287.0104602823
2246.9226,0034,0.588319063,287.0262463655467
2247.934,0035,0.588282287,287.04226624763936
2248.945,0036,0.588248014,287.05719569312873
2249.9559,0037,0.588210761,287.0734231147215
2250.9674,0038,0.588174104,287.08939079352353
2251.9786,0039,0.588139593,287.10442356793413
2252.99,0040,0.588104188,287.1198456489946
2254.0011,0041,0.588068246,287.1355015239396
2255.0125,0042,0.588033974,287.15042985736625
2256.0235,0043,0.587996423,287.1667863463163
2257.0349,0044,0.587962567,287.1815332533896
2258.0458,0045,0.587925195,287.19781152784253
2259.0578,0046,0.587891399,287.2125320786215
2260.0691,0047,0.587856054,287.22792721604344
2261.0807,0048,0.587821483,287.2429851128525
2262.0923,0049,0.587786495,287.2582245279905
2263.1035,0050,0.587749958,287.27413850715214
2264.1146,0051,0.587718069,287.2880279127687
2265.1259,0052,0.587682843,287.3033706558395
2266.1373,0053,0.587646961,287.31899900344075
2267.1485,0054,0.587611317,287.33452357327366
2268.1594,0055,0.58757621,287.34981414117215
2269.1709,0056,0.587543904,287.3638846562117
2270.1824,0057,0.587508201,287.37943458479396
2271.194,0058,0.587475419,287.39371221062333
2272.2056,0059,0.587444424,287.4072114490745
2273.2171,0100,0.587406516,287.4237213833154
2274.2284,0101,0.587373375,287.4381550551156
2275.2397,0102,0.587337791,287.453652597591
2276.252,0103,0.587303757,287.46847497532127
2277.263,0104,0.58727163,287.4824667249873
2278.274,0105,0.587236106,287.4979378044867
2279.2855,0106,0.587202429,287.5126043889019
2280.2963,0107,0.587170004,287.52672561963726
2281.3076,0108,0.58713597,287.54154747320837
2282.3191,0109,0.58710426,287.55535712596935
2283.3301,0110,0.587070226,287.5701787742804
2284.3416,0111,0.58703953,287.5835466480415
2285.3528,0112,0.587002813,287.5995365078729
2286.3643,0113,0.586969792,287.61391669376934
2287.3758,0114,0.586936116,287.6285820201055
2288.3873,0115,0.586903572,287.64275428090224
2289.3987,0116,0.586870491,287.65716029498765
2290.4096,0118,0.586841166,287.66993057368927
2291.4209,0119,0.586804807,287.6857638679983
2292.4321,0120,0.586771368,287.7003254797656
2293.4434,0121,0.586739599,287.7141597652559
2294.4549,0122,0.586706817,287.7284350798513
2295.4657,0123,0.586675107,287.742243485601
2296.4771,0124,0.586640775,287.75719356115735
2297.4881,0125,0.586608707,287.77115766688985
2298.4993,0126,0.586577236,287.7848617157209
2299.5108,0127,0.586547017,287.79802049580627
2300.5223,0128,0.586513638,287.81255519207815
2301.5337,0129,0.586481511,287.8265446158181
2302.5452,0130,0.586448729,287.84081915634965
2303.5566,0131,0.586416423,287.8548863321004
2304.568,0132,0.586385846,287.8682005521821
2305.5787,0133,0.58635497,287.8816448798809
2306.5904,0134,0.586321055,287.8964123780697
2307.6019,0135,0.586288928,287.9104012363079
2308.6133,0136,0.586258947,287.9234555901698
2309.6247,0137,0.586225986,287.9378074035585
2310.6357,0138,0.586197257,287.95031644696076
2311.647,0139,0.586164772,287.9644608190896
2312.6584,0140,0.586135745,287.97709945360634
2313.6698,0141,0.586101591,287.991970334672
2314.6813,0142,0.586070477,288.00551748664986
2315.6928,0143,0.586040139,288.01872668026954
2316.7043,0144,0.58600831,288.03258496642616
2317.7158,0145,0.585976481,288.0464431601731
2318.7273,0146,0.585946917,288.0593151010309
2319.7385,0147,0.585915088,288.07317311657715
2320.7497,0148,0.58588463,288.0864341264999
2321.7611,0149,0.585853099,288.1001622173279
2322.7727,0150,0.585821509,288.11391590493866
2323.7835,0151,0.585792124,288.12670949567706
2324.7949,0152,0.585758686,288.1412675788811
2325.8065,0153,0.585731208,288.1532307483543
2326.8179,0154,0.585697174,288.1680481255289
2327.8294,0155,0.585665643,288.1817756778545
2328.8411,0156,0.585635721,288.19480264119306
2329.8524,0157,0.585606276,288.20762185630304
2330.8639,0158,0.585576772,288.2204666785741
2331.8747,0159,0.585543215,288.2350759132465
2332.8863,0200,0.585516989,288.2464934831917
2333.8974,0201,0.585483729,288.26097323671377
2334.9086,0202,0.585453152,288.27428485639103
2335.9197,0203,0.585427105,288.28562428494143
2336.9311,0204,0.585394918,288.2996366459336
2337.9424,0205,0.58536458,288.31284397286566
2338.9535,0206,0.58533293,288.3266223759171
2339.965,0207,0.585304677,288.3389218636538
2340.9764,0208,0.585274398,288.3521032572668
2341.988,0209,0.585243642,288.365492218574
2342.9994,0210,0.585214138,288.37833606791435
2344.0104,0211,0.585186719,288.39027219228524
2345.0219,0212,0.585158169,288.40270059452496
2346.0334,0213,0.585127294,288.4161410337747
2347.044,0214,0.585101068,288.42755761225476
2348.0555,0215,0.585067629,288.44211402926675
2349.0666,0216,0.585041046,288.4536858708836
2350.078,0217,0.585012614,288.46606252942047
2351.0894,0218,0.58497858,288.4808776832616
2352.101,0219,0.584952294,288.49232002579384
2353.1121,0220,0.584924817,288.50428074573597
2354.1237,0221,0.584895431,288.5170723763324
2355.1352,0222,0.58486855,288.52877351995704
2356.1459,0223,0.584836423,288.5427581310481
2357.158,0224,0.58480668,288.5557049237026
2358.1694,0225,0.584780216,288.5672243371958
2359.1809,0226,0.58475095,288.5799633486531
2360.1925,0227,0.58472222,288.5924689725706
2361.2033,0228,0.584696054,288.6038584708563
2362.2147,0229,0.584668755,288.6157410736122
2363.2253,0230,0.584638357,288.6289725176214
2364.2366,0231,0.584608852,288.6418151823507
2365.2481,0232,0.584579646,288.65452762347303
2366.2595,0233,0.584550559,288.66718819092614
2367.271,0234,0.584524214,288.67865519428847
2368.2822,0235,0.58449608,288.6909008137644
2369.2934,0236,0.584467649,288.7032756328406
2370.3044,0237,0.584442257,288.7143276411387
2371.3152,0238,0.584415078,288.7261573864217
2372.3266,0239,0.584382116,288.7405041109865
2373.3375,0240,0.584357559,288.75119249183393
2374.3484,0241,0.58433026,288.7630742582057
2375.36,0242,0.584302067,288.7753450633023
2376.3714,0243,0.584273338,288.78784908470584
2377.3822,0244,0.584248244,288.79877094621315
2378.393,0245,0.584221661,288.810340814968
2379.4045,0247,0.58419156,288.8234417655696
2380.4162,0248,0.584164619,288.835167310243
2381.4278,0249,0.58413887,288.8463739988824
2382.4393,0250,0.584108173,288.85973411795504
2383.4503,0251,0.584085345,288.86966939190086
2384.4617,0252,0.584054946,288.88289966721294
2385.473,0253,0.584029853,288.89382059840574
2386.4839,0254,0.584002256,288.9058312504216
2387.4953,0255,0.583974421,288.91794541417056
2388.5068,0256,0.583950638,288.92829603800175
2389.5184,0257,0.583921194,288.9411103207348
2390.5298,0258,0.583896338,288.95192780540737
2391.5414,0259,0.583868622,288.96398991401014
2392.553,0300,0.583841443,288.9758182508772
2393.5645,0301,0.583812534,288.98839941291794
2394.576,0302,0.583788633,288.99880104246677
2395.5875,0303,0.583761394,289.0106552948511
2396.5983,0304,0.583736717,289.02139452217307
2397.609,0305,0.583711028,289.0325741052504
2398.6205,0306,0.583682656,289.0449212326349
2399.632,0307,0.583653867,289.05744975887586
2400.6436,0308,0.583628654,289.06842200404435
2401.6551,0309,0.583602786,289.0796792339369
2402.6666,0310,0.583575785,289.0914294581963
2403.6781,0311,0.583548009,289.10351687640184
2404.6895,0312,0.583524346,289.1138143654095
2405.701,0313,0.583496212,289.1260574454616
2406.7126,0314,0.583472251,289.13648450383533
2407.7233,0315,0.583446264,289.1477931539802
2408.7348,0316,0.583416819,289.1606065335428
2409.7463,0317,0.583390235,289.1721748442535
2410.7577,0318,0.583365142,289.18309427209624
2411.7691,0319,0.583340764,289.1937025074865
2412.7806,0320,0.58331263,289.20594512273766
2413.7923,0321,0.583289325,289.2160863266793
2414.8037,0322,0.583262979,289.22755076728293
2415.8145,0323,0.583237111,289.2388071458481
2416.8267,0324,0.583210289,289.25047859097253
2417.8381,0325,0.583185315,289.26134583096547
2418.8496,0326,0.583160758,289.27203156202
2419.8611,0327,0.583135545,289.28300268847687
2420.8725,0328,0.583108723,289.29467388876316
2421.8841,0329,0.583085298,289.3048668813991
2422.895,0330,0.583058059,289.31671940965435
2423.9057,0331,0.583033382,289.3274570752269
2424.9165,0332,0.583007633,289.3386611402287
2425.9282,0333,0.582984745,289.3486202591381
2426.9398,0334,0.582957625,289.3604207620791
2427.9514,0335,0.582935273,289.3701465546906
2428.963,0336,0.582908034,289.38199871601205
2429.9745,0337,0.582883894,289.39250239302834
2430.9859,0338,0.582859337,289.4031874593592
2431.9972,0339,0.582836449,289.41314627362084
2433.0083,0340,0.582808911,289.42512829046194
2434.0199,0341,0.582785248,289.4354242076705
2435.0315,0342,0.582763254,289.4449938876552
2436.0429,0343,0.58273673,289.45653453159406
2437.0545,0344,0.582710564,289.46791934722603
2438.0659,0345,0.582685112,289.4789934428641
2439.0772,0346,0.582663714,289.4883036092488
2440.0888,0347,0.582636117,289.50031086997865
2441.1003,0348,0.582616686,289.5087651205571
2442.1119,0349,0.58258897,289.52082404039743
2443.123,0350,0.582564115,289.53163811278347
2444.1342,0351,0.582541286,289.5415706513706
2445.1458,0352,0.582516014,289.55256604636355
2446.1574,0353,0.58249396,289.5621613003993
2447.1688,0354,0.582468867,289.5730787095445
2448.1802,0355,0.582446038,289.58301105339984
2449.1917,0356,0.582422196,289.5933840791605
2450.2032,0357,0.582397401,289.6041716761255
2451.2144,0358,0.582372903,289.61483000282374
2452.2255,0359,0.582351207,289.62426922061326
2453.237,0400,0.582328557,289.63412344756415
2454.2484,0401,0.582304894,289.6444183465445
2455.2599,0402,0.582278192,289.65603534223976
2456.2714,0403,0.58225584,289.6657597740569
2457.2824,0404,0.582232177,289.6760545191238
2458.2934,0405,0.582210242,289.68559744161064
2459.3046,0406,0.582187592,289.6954513829837
2460.3161,0407,0.582163989,289.7057198806827
2461.3274,0408,0.582139849,289.7162219490043
2462.3389,0409,0.582117855,289.7257903581182
2463.3505,0410,0.582095265,289.73561800984385
2464.3619,0411,0.58207035,289.74645708678685
2465.3725,0412,0.582051038,289.7548585840074
2466.3834,0413,0.582023799,289.76670858861445
2467.395,0414,0.582000851,289.77669179301296
2468.4061,0416,0.581979632,289.78592277844615
2469.4176,0417,0.581958353,289.7951798255373
2470.4286,0418,0.581934332,289.8056296819402
2471.4397,0419,0.581910252,289.8161051534088
2472.4513,0420,0.581889092,289.82531030072505
2473.4625,0421,0.581865787,289.835448532275
2474.4739,0422,0.581839799,289.84675387573344
2475.4855,0423,0.581821262,289.85481783581673
2476.4969,0424,0.581797659,289.8650855613003
2477.5076,0425,0.581775426,289.8747572669187
2478.5188,0426,0.581752777,289.8846098937575
2479.5303,0427,0.58173114,289.894022243929
2480.542,0428,0.581709623,289.9033823512798
2481.553,0429,0.581685006,289.9140909385883
2482.5637,0430,0.581662476,289.92389161723804
2483.5753,0431,0.581640899,289.93327769302385
2484.5877,0432,0.581619679,289.9425084319963
2485.599,0433,0.581597089,289.95233507938053
2486.6097,0434,0.581573486,289.96260233306447
2487.6206,0435,0.581552147,289.97188470894247
2488.6321,0436,0.581530749,289.9811927088347
2489.643,0437,0.581509411,289.99047456847234
2490.6545,0438,0.581488311,289.99965286012855
2491.6659,0439,0.581464767,290.0098942208436
2492.6772,0440,0.58144176,290.0199019452395
2493.6887,0441,0.581421673,290.02863947178594
2494.7003,0442,0.581398665,290.03864754288367
2495.7117,0443,0.58137381,290.0494589732035
2496.7231,0444,0.581355452,290.05744430252383
2497.7346,0445,0.581338703,290.06472972579473
2498.7461,0446,0.581311762,290.0764483783185
2499.7577,0447,0.581292629,290.08477070941575
2500.7693,0448,0.581267893,290.09553014381737
2501.7809,0449,0.581245899,290.10509684293595
2502.7926,0450,0.581225395,290.11401540010405
2503.8041,0451,0.581205427,290.1227007791843
2504.8157,0452,0.58118081,290.13340826127234
2505.828,0453,0.581160962,290.14204136597937
2506.8388,0454,0.581137299,290.15233380089694
2507.8499,0455,0.581117749,290.16083721187886
2508.8607,0456,0.581098198,290.1693410238421
2509.8723,0457,0.581074833,290.17950371093343
2510.8831,0458,0.581053853,290.1886289927346
2511.894,0459,0.581033766,290.19736582622494
2512.9055,0500,0.581010043,290.2076840904501
2513.9171,0501,0.580990433,290.216213377051
2514.9286,0502,0.580970466,290.22489790419604
2515.9398,0503,0.580947995,290.2346714888057
2516.9506,0504,0.580930054,290.2424747533715
2517.9616,0505,0.580907702,290.2521964997724
2518.973,0506,0.580885887,290.2616846414008
2519.9839,0507,0.580868303,290.26933253558093
2520.9953,0508,0.580844461,290.2797022081373
2522.0068,0509,0.580823481,290.2888270607195
2523.0183,0510,0.580805957,290.2964487617921
2524.0298,0511,0.580782055,290.30684439801564
2525.0413,0512,0.580761492,290.315787770877
2526.0533,0513,0.580743551,290.32359073846015
2527.0647,0514,0.58072555,290.3314197727738
2528.0758,0515,0.580702245,290.34155559168335
2529.0868,0516,0.580682694,290.3500586824198
2530.0983,0517,0.580659508,290.36014265780955
2531.1089,0518,0.580643594,290.3670638923798
2532.1204,0519,0.580622255,290.37634450465237
2533.1319,0520,0.580602109,290.38510622846115
2534.1436,0521,0.580580294,290.39459377872396
2535.1547,0522,0.580561995,290.4025521547336
2536.1662,0523,0.580541312,290.4115473149759
